Rank,Player,Team,Best,Worst,Avg,StdDev,ADP,pit,bat,RP,C,3B,2B,SS,1B,OF,SP
1,Ronald Acuna Jr.,ATL ,1,2,1.0,0.0,1.0,0.0,1.0,0,0,0,0,0,0,1,0
2,Bobby Witt Jr.,KC ,2,7,2.7,1.0,4.0,0.0,1.0,0,0,0,0,1,0,0,0
3,Julio Rodriguez,SEA ,2,6,3.1,0.8,2.0,0.0,1.0,0,0,0,0,0,0,1,0
4,Mookie Betts,LAD ,1,10,4.6,1.6,3.0,0.0,1.0,0,0,0,1,1,0,1,0
5,Corbin Carroll,ARI ,2,22,6.6,3.0,5.0,0.0,1.0,0,0,0,0,0,0,1,0
6,Kyle Tucker,HOU ,4,15,6.7,1.4,6.0,0.0,1.0,0,0,0,0,0,0,1,0
7,Fernando Tatis Jr.,SD ,3,29,7.5,2.3,10.0,0.0,1.0,0,0,0,0,0,0,1,0
8,Freddie Freeman,LAD ,4,18,8.4,1.5,7.0,0.0,1.0,0,0,0,0,0,1,0,0
9,Juan Soto,NYY ,3,14,9.3,1.9,8.0,0.0,1.0,0,0,0,0,0,0,1,0
10,Spencer Strider,ATL ,2,20,9.4,3.9,9.0,1.0,0.0,0,0,0,0,0,0,0,1
11,Aaron Judge,NYY ,3,41,11.4,3.1,12.0,0.0,1.0,0,0,0,0,0,0,1,0
12,Trea Turner,PHI ,6,81,14.2,4.6,13.0,0.0,1.0,0,0,0,0,1,0,0,0
13,Jose Ramirez,CLE ,9,21,14.7,2.4,15.0,0.0,1.0,0,0,1,0,0,0,0,0
14,Matt Olson,ATL ,7,23,14.9,1.9,14.0,0.0,1.0,0,0,0,0,0,1,0,0
15,Yordan Alvarez,HOU ,9,23,14.9,2.6,16.0,0.0,1.0,0,0,0,0,0,0,1,0
16,Bryce Harper,PHI ,11,26,17.5,2.7,17.0,0.0,1.0,0,0,0,0,0,1,0,0
17,Austin Riley,ATL ,12,34,18.3,1.7,18.0,0.0,1.0,0,0,1,0,0,0,0,0
18,Rafael Devers,BOS ,12,45,20.3,2.6,20.0,0.0,1.0,0,0,1,0,0,0,0,0
19,Corbin Burnes,BAL ,12,48,20.7,4.5,19.0,1.0,0.0,0,0,0,0,0,0,0,1
20,Shohei Ohtani,LAD ,3,24,11.5,3.9,11.0,1.0,1.0,0,0,0,0,0,0,0,1
21,Ozzie Albies,ATL ,16,42,23.3,4.2,21.0,0.0,1.0,0,0,0,1,0,0,0,0
22,Zack Wheeler,PHI ,16,43,23.9,3.5,25.0,1.0,0.0,0,0,0,0,0,0,0,1
23,Francisco Lindor,NYM ,13,43,24.6,5.1,23.0,0.0,1.0,0,0,0,0,1,0,0,0
24,Pete Alonso,NYM ,14,68,24.8,4.8,22.0,0.0,1.0,0,0,0,0,0,1,0,0
25,Marcus Semien,TEX ,15,63,25.6,4.7,24.0,0.0,1.0,0,0,0,1,0,0,0,0
26,Corey Seager,TEX ,12,51,27.3,7.1,26.0,0.0,1.0,0,0,0,0,1,0,0,0
27,Vladimir Guerrero Jr.,TOR ,18,42,27.7,4.6,27.0,0.0,1.0,0,0,0,0,0,1,0,0
28,Michael Harris II,ATL ,15,63,29.1,4.5,33.0,0.0,1.0,0,0,0,0,0,0,1,0
29,Luis Robert Jr.,CWS ,17,42,29.8,4.2,31.0,0.0,1.0,0,0,0,0,0,0,1,0
30,Luis Castillo,SEA ,16,71,31.0,5.7,32.0,1.0,0.0,0,0,0,0,0,0,0,1
31,Gunnar Henderson,BAL ,17,61,33.2,7.0,29.0,0.0,1.0,0,0,1,0,1,0,0,0
32,Bo Bichette,TOR ,18,79,33.3,6.3,36.0,0.0,1.0,0,0,0,0,1,0,0,0
33,Pablo Lopez,MIN ,24,57,35.3,5.3,39.0,1.0,0.0,0,0,0,0,0,0,0,1
34,George Kirby,SEA ,23,63,36.0,8.0,40.0,1.0,0.0,0,0,0,0,0,0,0,1
35,Kevin Gausman,TOR ,18,61,36.6,8.0,30.0,1.0,0.0,0,0,0,0,0,0,0,1
36,Elly De La Cruz,CIN ,14,98,36.7,13.8,28.0,0.0,1.0,0,0,1,0,1,0,0,0
37,Jose Altuve,HOU ,22,80,36.9,5.6,35.0,0.0,1.0,0,0,0,1,0,0,0,0
38,Randy Arozarena,TB ,25,91,38.1,5.9,42.0,0.0,1.0,0,0,0,0,0,0,1,0
39,Adolis Garcia,TEX ,27,107,41.0,7.7,38.0,0.0,1.0,0,0,0,0,0,0,1,0
40,Zac Gallen,ARI ,27,73,42.4,8.8,37.0,1.0,0.0,0,0,0,0,0,0,0,1
41,Tyler Glasnow,LAD ,17,102,45.1,11.7,41.0,1.0,0.0,0,0,0,0,0,0,0,1
42,Logan Webb,SF ,30,120,46.3,6.5,44.0,1.0,0.0,0,0,0,0,0,0,0,1
43,Tarik Skubal,DET ,28,147,47.7,8.3,46.0,1.0,0.0,0,0,0,0,0,0,0,1
44,CJ Abrams,WSH ,21,96,48.7,16.5,45.0,0.0,1.0,0,0,0,0,1,0,0,0
45,Manny Machado,SD ,30,77,49.2,11.0,49.0,0.0,1.0,0,0,1,0,0,0,0,0
46,Yoshinobu Yamamoto,LAD ,22,161,49.2,14.7,34.0,1.0,0.0,0,0,0,0,0,0,0,1
47,Aaron Nola,PHI ,27,104,50.3,7.6,47.0,1.0,0.0,0,0,0,0,0,0,0,1
48,Freddy Peralta,MIL ,38,99,53.1,7.0,57.0,1.0,0.0,0,0,0,0,0,0,0,1
49,Mike Trout,LAA ,29,81,53.9,10.8,56.0,0.0,1.0,0,0,0,0,0,0,1,0
50,Framber Valdez,HOU ,35,103,54.7,11.6,52.0,1.0,0.0,0,0,0,0,0,0,0,1
51,Edwin Diaz,NYM ,34,99,54.9,10.5,55.0,1.0,0.0,1,0,0,0,0,0,0,0
52,Josh Hader,HOU ,40,89,55.0,10.0,50.0,1.0,0.0,1,0,0,0,0,0,0,0
53,Royce Lewis,MIN ,37,192,55.2,13.5,54.0,0.0,1.0,0,0,1,0,0,0,0,0
54,Max Fried,ATL ,34,93,55.3,10.4,48.0,1.0,0.0,0,0,0,0,0,0,0,1
55,Cody Bellinger,CHC ,30,105,56.1,12.9,51.0,0.0,1.0,0,0,0,0,0,1,1,0
56,Paul Goldschmidt,STL ,28,100,56.7,11.6,58.0,0.0,1.0,0,0,0,0,0,1,0,0
57,Adley Rutschman,BAL ,40,98,57.3,11.3,43.0,0.0,1.0,0,1,0,0,0,0,0,0
58,Jazz Chisholm Jr.,MIA ,29,110,57.7,13.1,63.0,0.0,1.0,0,0,0,0,0,0,1,0
59,Nolan Jones,COL ,35,213,60.1,14.2,53.0,0.0,1.0,0,0,0,0,0,1,1,0
60,Emmanuel Clase,CLE ,36,90,61.7,10.2,59.0,1.0,0.0,1,0,0,0,0,0,0,0
61,Oneil Cruz,PIT ,37,138,61.8,15.7,62.0,0.0,1.0,0,0,0,0,1,0,0,0
62,Christian Yelich,MIL ,36,86,62.9,9.1,69.0,0.0,1.0,0,0,0,0,0,0,1,0
63,Blake Snell,SF ,32,114,65.4,14.7,68.0,1.0,0.0,0,0,0,0,0,0,0,1
64,Logan Gilbert,SEA ,45,113,66.3,10.8,64.0,1.0,0.0,0,0,0,0,0,0,0,1
65,Grayson Rodriguez,BAL ,42,194,70.3,14.0,65.0,1.0,0.0,0,0,0,0,0,0,0,1
66,Camilo Doval,SF ,51,142,70.5,11.3,66.0,1.0,0.0,1,0,0,0,0,0,0,0
67,Alex Bregman,HOU ,31,103,71.2,14.3,70.0,0.0,1.0,0,0,1,0,0,0,0,0
68,Gleyber Torres,NYY ,33,134,72.1,14.4,79.0,0.0,1.0,0,0,0,1,0,0,0,0
69,Zach Eflin,TB ,39,193,72.7,15.2,77.0,1.0,0.0,0,0,0,0,0,0,0,1
70,Kyle Schwarber,PHI ,37,117,72.8,17.3,61.0,0.0,1.0,0,0,0,0,0,0,1,0
71,Nico Hoerner,CHC ,32,175,73.6,25.4,60.0,0.0,1.0,0,0,0,1,1,0,0,0
72,Christian Walker,ARI ,29,145,75.4,13.9,73.0,0.0,1.0,0,0,0,0,0,1,0,0
73,Bryan Reynolds,PIT ,38,101,75.4,11.9,74.0,0.0,1.0,0,0,0,0,0,0,1,0
74,Bobby Miller,LAD ,41,120,76.4,15.9,75.0,1.0,0.0,0,0,0,0,0,0,0,1
75,J.T. Realmuto,PHI ,51,144,77.1,11.4,71.0,0.0,1.0,0,1,0,0,0,0,0,0
76,Will Smith,LAD ,60,118,80.3,11.5,76.0,0.0,1.0,0,1,0,0,0,0,0,0
77,Jesus Luzardo,MIA ,51,115,80.5,13.8,80.0,1.0,0.0,0,0,0,0,0,0,0,1
78,Triston Casas,BOS ,48,118,81.4,13.5,92.0,0.0,1.0,0,0,0,0,0,1,0,0
79,Raisel Iglesias,ATL ,43,146,82.8,16.3,78.0,1.0,0.0,1,0,0,0,0,0,0,0
80,Nolan Arenado,STL ,62,131,84.5,13.8,82.0,0.0,1.0,0,0,1,0,0,0,0,0
81,Joe Ryan,MIN ,43,128,85.5,16.8,84.0,1.0,0.0,0,0,0,0,0,0,0,1
82,William Contreras,MIL ,49,160,87.2,19.5,83.0,0.0,1.0,0,1,0,0,0,0,0,0
83,Xander Bogaerts,SD ,36,191,89.0,23.1,88.0,0.0,1.0,0,0,0,1,1,0,0,0
84,Justin Steele,CHC ,60,169,91.0,12.0,89.0,1.0,0.0,0,0,0,0,0,0,0,1
85,Seiya Suzuki,CHC ,56,183,92.2,16.4,102.0,0.0,1.0,0,0,0,0,0,0,1,0
86,Ha-Seong Kim,SD ,57,183,93.0,26.9,81.0,0.0,1.0,0,0,1,1,1,0,0,0
87,Andres Munoz,SEA ,60,245,93.0,19.7,107.0,1.0,0.0,1,0,0,0,0,0,0,0
88,Cole Ragans,KC ,59,225,93.4,28.4,93.0,1.0,0.0,1,0,0,0,0,0,0,1
89,Joe Musgrove,SD ,49,167,93.8,15.2,95.0,1.0,0.0,0,0,0,0,0,0,0,1
90,Ketel Marte,ARI ,49,155,94.6,16.3,98.0,0.0,1.0,0,0,0,1,0,0,0,0
91,Alexis Diaz,CIN ,56,168,95.7,14.3,90.0,1.0,0.0,1,0,0,0,0,0,0,0
92,Dylan Cease,SD ,62,140,96.5,20.7,91.0,1.0,0.0,0,0,0,0,0,0,0,1
93,David Bednar,PIT ,69,151,96.7,13.4,96.0,1.0,0.0,1,0,0,0,0,0,0,0
94,Nick Castellanos,PHI ,68,184,98.6,19.0,97.0,0.0,1.0,0,0,0,0,0,0,1,0
95,George Springer,TOR ,62,134,101.0,13.6,99.0,0.0,1.0,0,0,0,0,0,0,1,0
96,Evan Phillips,LAD ,62,182,103.7,21.1,104.0,1.0,0.0,1,0,0,0,0,0,0,0
97,Spencer Torkelson,DET ,71,138,104.2,14.2,115.0,0.0,1.0,0,0,0,0,0,1,0,0
98,Evan Carter,TEX ,59,187,105.1,20.6,100.0,0.0,1.0,0,0,0,0,0,0,1,0
99,Andres Gimenez,CLE ,24,189,105.7,24.4,113.0,0.0,1.0,0,0,0,1,0,0,0,0
100,Teoscar Hernandez,LAD ,51,208,106.1,22.0,108.0,0.0,1.0,0,0,0,0,0,0,1,0
101,Dansby Swanson,CHC ,64,179,107.9,19.9,112.0,0.0,1.0,0,0,0,0,1,0,0,0
102,Bryson Stott,PHI ,42,251,108.7,25.8,106.0,0.0,1.0,0,0,0,1,0,0,0,0
103,Tanner Bibee,CLE ,76,135,109.3,13.3,105.0,1.0,0.0,0,0,0,0,0,0,0,1
104,Yandy Diaz,TB ,70,192,109.9,21.9,116.0,0.0,1.0,0,0,1,0,0,1,0,0
105,Josh Jung,TEX ,69,170,111.0,24.2,111.0,0.0,1.0,0,0,1,0,0,0,0,0
106,Lane Thomas,WSH ,70,221,111.6,25.2,110.0,0.0,1.0,0,0,0,0,0,0,1,0
107,Jordan Walker,STL ,58,192,111.9,22.2,117.0,0.0,1.0,0,0,0,0,0,0,1,0
108,Ryan Helsley,STL ,83,180,112.5,19.0,119.0,1.0,0.0,1,0,0,0,0,0,0,0
109,Pete Fairbanks,TB ,62,173,112.8,24.5,114.0,1.0,0.0,1,0,0,0,0,0,0,0
110,Josh Naylor,CLE ,82,198,115.0,17.5,126.0,0.0,1.0,0,0,0,0,0,1,0,0
111,Spencer Steer,CIN ,40,273,115.7,35.8,94.0,0.0,1.0,0,0,1,1,0,1,1,0
112,Jhoan Duran,MIN ,62,270,117.3,33.7,85.0,1.0,0.0,1,0,0,0,0,0,0,0
113,Clay Holmes,NYY ,78,165,120.5,16.7,122.0,1.0,0.0,1,0,0,0,0,0,0,0
114,Wyatt Langford,TEX ,52,283,111.3,44.3,135.0,0.0,1.0,0,0,0,0,0,0,1,0
115,Jordan Romano,TOR ,74,262,124.7,32.9,86.0,1.0,0.0,1,0,0,0,0,0,0,0
116,Zack Gelof,OAK ,76,184,125.6,18.3,138.0,0.0,1.0,0,0,0,1,0,0,0,0
117,Josh Lowe,TB ,39,271,125.7,44.2,87.0,0.0,1.0,0,0,0,0,0,0,1,0
118,Sonny Gray,STL ,46,191,125.7,21.3,125.0,1.0,0.0,0,0,0,0,0,0,0,1
119,Anthony Volpe,NYY ,87,207,126.0,22.8,128.0,0.0,1.0,0,0,0,0,1,0,0,0
120,Chris Bassitt,TOR ,86,219,127.7,19.8,118.0,1.0,0.0,0,0,0,0,0,0,0,1
121,Chris Sale,ATL ,59,315,127.9,43.9,127.0,1.0,0.0,0,0,0,0,0,0,0,1
122,Shane Bieber,CLE ,51,187,129.3,24.0,120.0,1.0,0.0,0,0,0,0,0,0,0,1
123,Anthony Santander,BAL ,64,304,130.6,21.1,124.0,0.0,1.0,0,0,0,0,0,1,1,0
124,Yainer Diaz,HOU ,77,236,134.3,25.7,109.0,0.0,1.0,0,1,0,0,0,1,0,0
125,Riley Greene,DET ,53,185,134.5,20.7,146.0,0.0,1.0,0,0,0,0,0,0,1,0
126,Christian Encarnacion-Strand,CIN ,67,286,134.6,37.5,131.0,0.0,1.0,0,0,0,0,0,1,0,0
127,Tanner Scott,MIA ,63,235,135.0,25.2,139.0,1.0,0.0,1,0,0,0,0,0,0,0
128,Marcell Ozuna,ATL ,79,201,135.9,20.1,132.0,0.0,1.0,0,0,0,0,0,0,1,0
129,Jackson Chourio,MIL ,73,262,136.0,35.2,130.0,0.0,1.0,0,0,0,0,0,0,1,0
130,Vinnie Pasquantino,KC ,83,221,136.2,26.1,162.0,0.0,1.0,0,0,0,0,0,1,0,0
131,Cedric Mullins II,BAL ,86,224,139.4,28.4,137.0,0.0,1.0,0,0,0,0,0,0,1,0
132,Bailey Ober,MIN ,87,230,140.8,31.1,145.0,1.0,0.0,0,0,0,0,0,0,0,1
133,Hunter Greene,CIN ,86,234,141.3,25.5,123.0,1.0,0.0,0,0,0,0,0,0,0,1
134,Luis Arraez,SD ,67,218,142.2,27.9,141.0,0.0,1.0,0,0,0,1,0,1,0,0
135,Michael King,SD ,88,266,134.4,36.9,136.0,1.0,0.0,1,0,0,0,0,0,0,1
136,Merrill Kelly,ARI ,87,187,145.2,20.2,129.0,1.0,0.0,0,0,0,0,0,0,0,1
137,Jorge Soler,SF ,103,246,145.5,22.9,151.0,0.0,1.0,0,0,0,0,0,0,1,0
138,Chas McCormick,HOU ,99,249,146.5,23.0,150.0,0.0,1.0,0,0,0,0,0,0,1,0
139,Ian Happ,CHC ,55,206,147.0,25.4,156.0,0.0,1.0,0,0,0,0,0,0,1,0
140,Thairo Estrada,SF ,74,208,147.6,25.2,165.0,0.0,1.0,0,0,0,1,1,0,0,0
141,Cal Raleigh,SEA ,94,190,150.2,22.2,134.0,0.0,1.0,0,1,0,0,0,0,0,0
142,Sean Murphy,ATL ,85,227,151.3,21.9,147.0,0.0,1.0,0,1,0,0,0,0,0,0
143,Rhys Hoskins,MIL ,86,213,151.6,27.7,189.0,0.0,1.0,0,0,0,0,0,1,0,0
144,Jarren Duran,BOS ,97,277,151.7,22.6,176.0,0.0,1.0,0,0,0,0,0,0,1,0
145,Kenley Jansen,BOS ,91,264,152.7,28.4,159.0,1.0,0.0,1,0,0,0,0,0,0,0
146,Esteury Ruiz,OAK ,74,293,153.0,36.4,121.0,0.0,1.0,0,0,0,0,0,0,1,0
147,Jake Burger,MIA ,87,228,155.1,20.6,154.0,0.0,1.0,0,0,1,0,0,1,0,0
148,Willson Contreras,STL ,87,253,155.4,24.0,160.0,0.0,1.0,0,1,0,0,0,0,0,0
149,Carlos Rodon,NYY ,88,229,156.1,27.9,163.0,1.0,0.0,0,0,0,0,0,0,0,1
150,Masataka Yoshida,BOS ,79,237,156.8,22.0,169.0,0.0,1.0,0,0,0,0,0,0,1,0
151,Max Muncy,LAD ,82,237,157.2,25.7,144.0,0.0,1.0,0,0,1,0,0,0,0,0
152,Craig Kimbrel,BAL ,82,261,148.8,36.9,140.0,1.0,0.0,1,0,0,0,0,0,0,0
153,James Outman,LAD ,77,217,158.0,25.2,167.0,0.0,1.0,0,0,0,0,0,0,1,0
154,Ke'Bryan Hayes,PIT ,98,249,158.3,32.7,180.0,0.0,1.0,0,0,1,0,0,0,0,0
155,Justin Verlander,HOU ,91,209,159.0,29.9,142.0,1.0,0.0,0,0,0,0,0,0,0,1
156,Alec Bohm,PHI ,102,240,159.3,26.1,157.0,0.0,1.0,0,0,1,0,0,1,0,0
157,Yu Darvish,SD ,61,246,159.7,30.0,155.0,1.0,0.0,0,0,0,0,0,0,0,1
158,Brandon Nimmo,NYM ,49,211,161.0,21.8,184.0,0.0,1.0,0,0,0,0,0,0,1,0
159,Adbert Alzolay,CHC ,100,260,161.3,29.7,149.0,1.0,0.0,1,0,0,0,0,0,0,0
160,Jose Berrios,TOR ,112,258,162.0,34.3,152.0,1.0,0.0,0,0,0,0,0,0,0,1
161,Salvador Perez,KC ,81,323,162.3,37.0,133.0,0.0,1.0,0,1,0,0,0,1,0,0
162,Willy Adames,MIL ,42,240,162.4,26.4,186.0,0.0,1.0,0,0,0,0,1,0,0,0
163,Hunter Brown,HOU ,80,247,163.9,33.3,172.0,1.0,0.0,0,0,0,0,0,0,0,1
164,Mitch Keller,PIT ,101,257,164.1,31.8,148.0,1.0,0.0,0,0,0,0,0,0,0,1
165,Nolan Gorman,STL ,68,256,165.2,27.6,171.0,0.0,1.0,0,0,1,1,0,0,0,0
166,Trevor Story,BOS ,45,240,170.3,29.7,192.0,0.0,1.0,0,0,0,0,1,0,0,0
167,Jordan Montgomery,ARI ,99,317,163.4,31.4,164.0,1.0,0.0,0,0,0,0,0,0,0,1
168,Cristian Javier,HOU ,129,219,172.9,22.5,161.0,1.0,0.0,0,0,0,0,0,0,0,1
169,Francisco Alvarez,NYM ,102,250,173.3,24.9,170.0,0.0,1.0,0,1,0,0,0,0,0,0
170,Shota Imanaga,CHC ,86,301,174.0,39.9,179.0,1.0,0.0,0,0,0,0,0,0,0,1
171,Christopher Morel,CHC ,110,361,176.0,27.7,181.0,0.0,1.0,0,0,1,1,0,0,1,0
172,Gabriel Moreno,ARI ,131,278,176.6,34.0,174.0,0.0,1.0,0,1,0,0,0,0,0,0
173,Isaac Paredes,TB ,85,236,176.8,23.1,166.0,0.0,1.0,0,0,1,1,0,1,0,0
174,Walker Buehler,LAD ,99,351,179.9,34.0,158.0,1.0,0.0,0,0,0,0,0,0,0,1
175,Paul Sewald,ARI ,89,299,172.5,55.4,101.0,1.0,0.0,1,0,0,0,0,0,0,0
176,Gerrit Cole,NYY ,10,419,181.8,74.6,67.0,1.0,0.0,0,0,0,0,0,0,0,1
177,Steven Kwan,CLE ,100,258,182.3,24.9,193.0,0.0,1.0,0,0,0,0,0,0,1,0
178,Edouard Julien,MIN ,93,266,183.2,37.2,209.0,0.0,1.0,0,0,0,1,0,0,0,0
179,Eloy Jimenez,CWS ,111,291,185.4,29.7,183.0,0.0,1.0,0,0,0,0,0,0,1,0
180,Jose Alvarado,PHI ,59,302,185.5,42.2,177.0,1.0,0.0,1,0,0,0,0,0,0,0
181,Bryce Miller,SEA ,119,278,186.0,37.0,178.0,1.0,0.0,0,0,0,0,0,0,0,1
182,Ezequiel Tovar,COL ,120,364,186.4,36.8,202.0,0.0,1.0,0,0,0,0,1,0,0,0
183,Nathan Eovaldi,TEX ,84,277,191.7,30.7,168.0,1.0,0.0,0,0,0,0,0,0,0,1
184,Eury Perez,MIA ,57,403,176.1,73.1,103.0,1.0,0.0,0,0,0,0,0,0,0,1
185,Jonah Heim,TEX ,137,269,192.7,27.5,187.0,0.0,1.0,0,1,0,0,0,0,0,0
186,Jeimer Candelario,CIN ,143,261,192.9,24.5,205.0,0.0,1.0,0,0,1,0,0,1,0,0
187,Nathaniel Lowe,TEX ,88,335,194.9,49.1,212.0,0.0,1.0,0,0,0,0,0,1,0,0
188,Jonathan India,CIN ,123,286,196.2,28.0,254.0,0.0,1.0,0,0,0,1,0,0,0,0
189,Daulton Varsho,TOR ,131,269,196.2,31.3,200.0,0.0,1.0,0,0,0,0,0,0,1,0
190,Byron Buxton,MIN ,132,244,196.7,18.4,220.0,0.0,1.0,0,0,0,0,0,0,1,0
191,Tyler O'Neill,BOS ,131,267,197.6,29.3,224.0,0.0,1.0,0,0,0,0,0,0,1,0
192,Kerry Carpenter,DET ,121,280,198.6,24.7,195.0,0.0,1.0,0,0,0,0,0,0,1,0
193,Nick Pivetta,BOS ,104,300,193.7,51.8,182.0,1.0,0.0,1,0,0,0,0,0,0,1
194,J.D. Martinez,NYM ,120,272,201.3,35.3,237.0,0.0,1.0,0,0,0,0,0,0,1,0
195,Starling Marte,NYM ,134,280,202.2,23.8,221.0,0.0,1.0,0,0,0,0,0,0,1,0
196,Logan O'Hoppe,LAA ,116,287,197.4,36.3,218.0,0.0,1.0,0,1,0,0,0,0,0,0
197,Ryan Mountcastle,BAL ,141,262,206.3,29.7,250.0,0.0,1.0,0,0,0,0,0,1,0,0
198,Lourdes Gurriel Jr.,ARI ,154,276,206.3,25.6,213.0,0.0,1.0,0,0,0,0,0,0,1,0
199,Jorge Polanco,SEA ,114,251,208.4,28.5,234.0,0.0,1.0,0,0,1,1,0,0,0,0
200,Taylor Ward,LAA ,129,277,208.8,24.5,239.0,0.0,1.0,0,0,0,0,0,0,1,0
201,Carlos Correa,MIN ,109,264,209.1,23.0,203.0,0.0,1.0,0,0,0,0,1,0,0,0
202,Aaron Civale,TB ,147,299,209.4,38.0,207.0,1.0,0.0,0,0,0,0,0,0,0,1
203,Brandon Pfaadt,ARI ,152,269,202.5,28.5,206.0,1.0,0.0,0,0,0,0,0,0,0,1
204,Jeremy Pena,HOU ,96,289,212.0,29.7,230.0,0.0,1.0,0,0,0,0,1,0,0,0
205,Jose Leclerc,TEX ,129,304,213.1,42.5,191.0,1.0,0.0,1,0,0,0,0,0,0,0
206,Mitch Garver,SEA ,136,339,215.1,44.9,201.0,0.0,1.0,0,1,0,0,0,0,0,0
207,Matt Chapman,SF ,124,267,215.5,28.1,271.0,0.0,1.0,0,0,1,0,0,0,0,0
208,Gavin Williams,CLE ,94,324,209.2,41.4,198.0,1.0,0.0,0,0,0,0,0,0,0,1
209,Jack Suwinski,PIT ,100,285,216.2,26.0,244.0,0.0,1.0,0,0,0,0,0,0,1,0
210,Kodai Senga,NYM ,50,322,202.1,56.6,153.0,1.0,0.0,0,0,0,0,0,0,0,1
211,Ryan Pepiot,TB ,116,287,205.3,37.0,188.0,1.0,0.0,1,0,0,0,0,0,0,1
212,Maikel Garcia,KC ,129,474,220.0,56.4,243.0,0.0,1.0,0,0,1,0,1,0,0,0
213,Andrew Vaughn,CWS ,150,262,213.6,23.4,248.0,0.0,1.0,0,0,0,0,0,1,0,0
214,Alex Lange,DET ,125,305,213.9,37.8,194.0,1.0,0.0,1,0,0,0,0,0,0,0
215,Brandon Drury,LAA ,154,300,221.1,24.6,235.0,0.0,1.0,0,0,0,1,0,1,0,0
216,Triston McKenzie,CLE ,132,266,214.5,32.0,204.0,1.0,0.0,0,0,0,0,0,0,0,1
217,Jung Hoo Lee,SF ,149,296,216.0,31.2,236.0,0.0,1.0,0,0,0,0,0,0,1,0
218,Keibert Ruiz,WSH ,136,309,216.5,37.3,211.0,0.0,1.0,0,1,0,0,0,0,0,0
219,Charlie Morton,ATL ,87,275,219.1,28.3,196.0,1.0,0.0,0,0,0,0,0,0,0,1
220,Lars Nootbaar,STL ,87,327,219.4,45.0,238.0,0.0,1.0,0,0,0,0,0,0,1,0
221,Anthony Rizzo,NYY ,86,298,230.8,30.5,242.0,0.0,1.0,0,0,0,0,0,1,0,0
222,Jackson Holliday,BAL ,98,383,224.4,46.5,173.0,0.0,1.0,0,0,0,1,1,0,0,0
223,Bo Naylor,CLE ,152,314,217.5,35.9,228.0,0.0,1.0,0,1,0,0,0,0,0,0
224,Eduardo Rodriguez,ARI ,75,346,219.5,45.7,190.0,1.0,0.0,0,0,0,0,0,0,0,1
225,Brandon Lowe,TB ,158,293,227.2,31.4,263.0,0.0,1.0,0,0,0,1,0,0,0,0
226,Justin Turner,TOR ,153,329,234.3,41.5,197.0,0.0,1.0,0,0,1,1,0,1,0,0
227,Bryan Woo,SEA ,130,353,223.3,43.8,185.0,1.0,0.0,0,0,0,0,0,0,0,1
228,Ryan McMahon,COL ,93,339,232.9,31.9,231.0,0.0,1.0,0,0,1,1,0,0,0,0
229,Jarred Kelenic,ATL ,139,363,240.7,41.2,240.0,0.0,1.0,0,0,0,0,0,0,1,0
230,Jose Abreu,HOU ,134,305,244.0,29.7,277.0,0.0,1.0,0,0,0,0,0,1,0,0
231,Brayan Bello,BOS ,155,370,232.1,38.4,225.0,1.0,0.0,0,0,0,0,0,0,0,1
232,Eugenio Suarez,ARI ,165,307,239.9,27.5,256.0,0.0,1.0,0,0,1,0,0,0,0,0
233,Josh Bell,MIA ,197,312,246.8,29.2,279.0,0.0,1.0,0,0,0,0,0,1,0,0
234,J.P. Crawford,SEA ,74,302,234.6,28.8,217.0,0.0,1.0,0,0,0,0,1,0,0,0
235,TJ Friedl,CIN ,109,413,227.7,66.8,175.0,0.0,1.0,0,0,0,0,0,0,1,0
236,Nestor Cortes Jr.,NYY ,142,295,235.2,35.6,222.0,1.0,0.0,0,0,0,0,0,0,0,1
237,Max Kepler,MIN ,180,331,249.0,29.6,264.0,0.0,1.0,0,0,0,0,0,0,1,0
238,Giancarlo Stanton,NYY ,131,301,243.7,25.8,219.0,0.0,1.0,0,0,0,0,0,0,1,0
239,Braxton Garrett,MIA ,156,294,226.2,29.8,208.0,1.0,0.0,0,0,0,0,0,0,0,1
240,Jose Siri,TB ,143,297,256.1,29.1,320.0,0.0,1.0,0,0,0,0,0,0,1,0
241,Kenta Maeda,DET ,174,378,251.0,30.6,226.0,1.0,0.0,0,0,0,0,0,0,0,1
242,Nick Lodolo,CIN ,136,350,244.7,32.2,241.0,1.0,0.0,0,0,0,0,0,0,0,1
243,Cristopher Sanchez,PHI ,130,361,231.4,43.4,232.0,1.0,0.0,0,0,0,0,0,0,0,1
244,Tommy Edman,STL ,119,331,231.4,49.8,199.0,0.0,1.0,0,0,0,1,1,0,1,0
245,Jake Fraley,CIN ,162,300,252.3,24.7,330.0,0.0,1.0,0,0,0,0,0,0,1,0
246,Reid Detmers,LAA ,182,359,249.2,30.0,215.0,1.0,0.0,0,0,0,0,0,0,0,1
247,Robert Suarez,SD ,114,384,228.3,54.1,216.0,1.0,0.0,1,0,0,0,0,0,0,0
248,Sal Frelick,MIL ,138,307,249.7,33.0,282.0,0.0,1.0,0,0,0,0,0,0,1,0
249,Kyle Harrison,SF ,134,388,250.0,40.3,233.0,1.0,0.0,0,0,0,0,0,0,0,1
250,Kris Bryant,COL ,158,367,250.5,33.6,251.0,0.0,1.0,0,0,0,0,0,1,1,0
251,Carlos Estevez,LAA ,117,351,239.8,48.7,210.0,1.0,0.0,1,0,0,0,0,0,0,0
252,Luis Campusano,SD ,140,337,240.2,40.4,262.0,0.0,1.0,0,1,0,0,0,0,0,0
253,Henry Davis,PIT ,121,343,250.8,39.4,259.0,0.0,1.0,0,1,0,0,0,0,1,0
254,Kyle Finnegan,WSH ,177,317,261.0,29.7,246.0,1.0,0.0,1,0,0,0,0,0,0,0
255,Kutter Crawford,BOS ,175,335,233.3,44.8,247.0,1.0,0.0,1,0,0,0,0,0,0,1
256,Bryan De La Cruz,MIA ,178,374,262.0,33.4,288.0,0.0,1.0,0,0,0,0,0,0,1,0
257,Luis Rengifo,LAA ,198,327,250.4,23.2,287.0,0.0,1.0,0,0,1,1,1,0,1,0
258,Brent Rooker,OAK ,158,316,259.5,33.5,260.0,0.0,1.0,0,0,0,0,0,0,1,0
259,Marcus Stroman,NYY ,151,314,261.2,29.9,229.0,1.0,0.0,0,0,0,0,0,0,0,1
260,MJ Melendez,KC ,184,343,261.4,33.7,272.0,0.0,1.0,0,1,0,0,0,0,1,0
261,Zach Neto,LAA ,191,427,255.2,41.6,313.0,0.0,1.0,0,0,0,0,1,0,0,0
262,Leody Taveras,TEX ,212,332,268.4,25.3,366.0,0.0,1.0,0,0,0,0,0,0,1,0
263,Yusei Kikuchi,TOR ,191,368,262.3,35.1,249.0,1.0,0.0,0,0,0,0,0,0,0,1
264,Alex Verdugo,NYY ,202,329,263.3,26.8,269.0,0.0,1.0,0,0,0,0,0,0,1,0
265,Mason Miller,OAK ,168,330,245.8,37.2,252.0,1.0,0.0,1,0,0,0,0,0,0,1
266,Ty France,SEA ,135,351,264.3,40.9,328.0,0.0,1.0,0,0,0,0,0,1,0,0
267,Austin Hays,BAL ,201,352,271.0,32.5,317.0,0.0,1.0,0,0,0,0,0,0,1,0
268,Matt McLain,CIN ,52,1365,251.3,242.4,72.0,0.0,1.0,0,0,0,1,1,0,0,0
269,Kyle Bradish,BAL ,113,403,264.9,61.3,214.0,1.0,0.0,0,0,0,0,0,0,0,1
270,Tyler Stephenson,CIN ,216,350,274.7,26.5,294.0,0.0,1.0,0,1,0,0,0,0,0,0
271,Parker Meadows,DET ,179,385,268.1,37.6,295.0,0.0,1.0,0,0,0,0,0,0,1,0
272,Junior Caminero,TB ,124,529,275.3,65.4,227.0,0.0,1.0,0,0,1,0,1,0,0,0
273,Andrew Abbott,CIN ,193,356,274.8,27.9,270.0,1.0,0.0,0,0,0,0,0,0,0,1
274,Vaughn Grissom,BOS ,117,351,265.8,36.0,261.0,0.0,1.0,0,0,0,1,1,0,0,0
275,Devin Williams,MIL ,41,392,252.5,94.8,143.0,1.0,0.0,1,0,0,0,0,0,0,0
276,Brendan Donovan,STL ,190,512,277.4,51.3,300.0,0.0,1.0,0,0,0,1,0,1,1,0
277,Whit Merrifield,PHI ,214,393,291.1,31.4,258.0,0.0,1.0,0,0,1,1,0,0,1,0
278,Will Benson,CIN ,158,373,267.6,41.3,303.0,0.0,1.0,0,0,0,0,0,0,1,0
279,Luis Severino,NYM ,167,431,274.9,47.6,267.0,1.0,0.0,0,0,0,0,0,0,0,1
280,Jeff McNeil,NYM ,199,336,282.8,26.5,293.0,0.0,1.0,0,0,0,1,0,0,1,0
281,Gavin Lux,LAD ,175,355,277.7,34.9,285.0,0.0,1.0,0,0,0,1,0,0,1,0
282,Shane Baz,TB ,68,360,265.2,48.8,245.0,1.0,0.0,0,0,0,0,0,0,0,1
283,Reese Olson,DET ,229,360,287.9,27.0,318.0,1.0,0.0,0,0,0,0,0,0,0,1
284,Tim Anderson,MIA ,215,357,287.6,28.4,332.0,0.0,1.0,0,0,0,0,1,0,0,0
285,Michael Wacha,KC ,226,398,281.2,28.8,265.0,1.0,0.0,0,0,0,0,0,0,0,1
286,MacKenzie Gore,WSH ,168,369,275.3,36.1,286.0,1.0,0.0,0,0,0,0,0,0,0,1
287,Max Scherzer,TEX ,140,377,275.6,40.6,257.0,1.0,0.0,0,0,0,0,0,0,0,1
288,Seth Lugo,KC ,193,399,289.6,34.1,284.0,1.0,0.0,0,0,0,0,0,0,0,1
289,Griffin Canning,LAA ,221,394,278.0,37.5,278.0,1.0,0.0,0,0,0,0,0,0,0,1
290,Colt Keith,DET ,212,342,271.7,32.0,290.0,0.0,1.0,0,0,1,1,0,0,0,0
291,Nelson Velazquez,KC ,212,371,287.1,28.8,312.0,0.0,1.0,0,0,0,0,0,0,1,0
292,Will Smith,KC ,205,426,290.5,42.9,273.0,1.0,0.0,1,0,0,0,0,0,0,0
293,Jackson Merrill,SD ,168,348,254.7,40.8,268.0,0.0,1.0,0,0,0,0,1,0,1,0
294,Lance Lynn,STL ,193,400,288.7,39.0,292.0,1.0,0.0,0,0,0,0,0,0,0,1
295,Taj Bradley,TB ,230,408,291.6,40.4,266.0,1.0,0.0,0,0,0,0,0,0,0,1
296,Jon Gray,TEX ,216,338,285.3,31.3,281.0,1.0,0.0,0,0,0,0,0,0,0,1
297,Jake Cronenworth,SD ,213,349,286.2,35.2,319.0,0.0,1.0,0,0,0,1,0,1,0,0
298,Alejandro Kirk,TOR ,146,347,276.7,44.6,275.0,0.0,1.0,0,1,0,0,0,0,0,0
299,A.J. Puk,MIA ,171,390,262.9,51.7,253.0,1.0,0.0,1,0,0,0,0,0,0,1
300,Joey Meneses,WSH ,219,416,300.1,43.5,326.0,0.0,1.0,0,0,0,0,0,1,0,0
301,Ceddanne Rafaela,BOS ,166,294,250.6,29.0,335.0,0.0,1.0,0,0,0,1,1,0,1,0
302,Jordan Westburg,BAL ,191,345,288.8,27.6,342.0,0.0,1.0,0,0,1,1,0,0,0,0
303,Tommy Pham,CWS ,176,463,298.1,59.9,446.0,0.0,1.0,0,0,0,0,0,0,1,0
304,Shea Langeliers,OAK ,207,371,291.0,40.6,360.0,0.0,1.0,0,1,0,0,0,0,0,0
305,Matt Wallner,MIN ,234,379,304.0,35.5,346.0,0.0,1.0,0,0,0,0,0,0,1,0
306,Hunter Harvey,WSH ,124,356,287.9,28.1,316.0,1.0,0.0,1,0,0,0,0,0,0,0
307,Louie Varland,MIN ,141,428,271.2,61.0,276.0,1.0,0.0,1,0,0,0,0,0,0,1
308,Andrew Benintendi,CWS ,209,394,302.8,44.2,315.0,0.0,1.0,0,0,0,0,0,0,1,0
309,Robert Stephenson,LAA ,142,434,315.7,49.2,302.0,1.0,0.0,1,0,0,0,0,0,0,0
310,Emmet Sheehan,LAD ,188,442,317.3,53.7,334.0,1.0,0.0,0,0,0,0,0,0,0,1
311,Michael Busch,CHC ,177,547,302.6,69.5,368.0,0.0,1.0,0,0,1,0,0,1,0,0
312,Mitch Haniger,SEA ,228,378,301.0,38.8,361.0,0.0,1.0,0,0,0,0,0,0,1,0
313,Luke Raley,SEA ,199,412,312.5,50.1,410.0,0.0,1.0,0,0,0,0,0,1,1,0
314,Ryan Pressly,HOU ,64,360,295.1,41.5,255.0,1.0,0.0,1,0,0,0,0,0,0,0
315,Gavin Stone,LAD ,186,420,287.7,51.1,309.0,1.0,0.0,0,0,0,0,0,0,0,1
316,Brendan Rodgers,COL ,189,362,295.2,41.1,445.0,0.0,1.0,0,0,0,1,0,0,0,0
317,Joc Pederson,ARI ,220,443,314.4,53.3,384.0,0.0,1.0,0,0,0,0,0,0,1,0
318,Jordan Lawlar,ARI ,162,901,340.8,142.7,397.0,0.0,1.0,0,0,0,0,1,0,0,0
319,Yuki Matsui,SD ,139,455,290.7,72.8,283.0,1.0,0.0,1,0,0,0,0,0,0,0
320,Alex Kirilloff,MIN ,191,404,313.9,39.3,344.0,0.0,1.0,0,0,0,0,0,1,1,0
321,Logan Allen,CLE ,161,374,304.9,31.0,362.0,1.0,0.0,0,0,0,0,0,0,0,1
322,Ryan Jeffers,MIN ,214,395,295.3,39.3,350.0,0.0,1.0,0,1,0,0,0,0,0,0
323,Noelvi Marte,CIN ,128,1120,350.2,196.7,223.0,0.0,1.0,0,0,1,0,0,0,0,0
324,James Paxton,LAD ,235,449,318.5,47.1,349.0,1.0,0.0,0,0,0,0,0,0,0,1
325,Charlie Blackmon,COL ,230,428,311.0,50.5,357.0,0.0,1.0,0,0,0,0,0,0,1,0
326,Garrett Whitlock,BOS ,241,454,313.4,55.9,372.0,1.0,0.0,1,0,0,0,0,0,0,1
327,Brandon Marsh,PHI ,244,409,324.4,42.4,340.0,0.0,1.0,0,0,0,0,0,0,1,0
328,Orlando Arcia,ATL ,217,438,324.7,44.4,324.0,0.0,1.0,0,0,0,0,1,0,0,0
329,DJ LeMahieu,NYY ,240,483,326.8,58.9,301.0,0.0,1.0,0,0,1,1,0,1,0,0
330,Brett Baty,NYM ,205,472,321.1,50.3,356.0,0.0,1.0,0,0,1,0,0,0,0,0
331,Edward Cabrera,MIA ,182,414,322.1,39.5,325.0,1.0,0.0,0,0,0,0,0,0,0,1
332,Joel Payamps,MIL ,214,588,326.4,73.3,280.0,1.0,0.0,1,0,0,0,0,0,0,0
333,Dean Kremer,BAL ,255,397,313.5,37.5,291.0,1.0,0.0,0,0,0,0,0,0,0,1
334,DL Hall,MIL ,221,433,314.0,51.0,304.0,1.0,0.0,1,0,0,0,0,0,0,1
335,Tyler Wells,BAL ,252,416,307.7,34.9,341.0,1.0,0.0,0,0,0,0,0,0,0,1
336,John Means,BAL ,252,433,321.7,47.9,289.0,1.0,0.0,0,0,0,0,0,0,0,1
337,Ranger Suarez,PHI ,257,367,314.8,26.6,307.0,1.0,0.0,0,0,0,0,0,0,0,1
338,Victor Scott,STL ,174,1160,342.0,208.5,379.0,0.0,1.0,0,0,0,0,0,0,1,0
339,Jordan Hicks,SF ,243,423,317.4,38.8,331.0,1.0,0.0,1,0,0,0,0,0,0,1
340,Elias Diaz,COL ,184,404,298.7,43.9,299.0,0.0,1.0,0,1,0,0,0,0,0,0
341,Frankie Montas,CIN ,229,374,311.4,39.7,321.0,1.0,0.0,1,0,0,0,0,0,0,1
342,Michael Conforto,SF ,243,408,331.6,43.1,412.0,0.0,1.0,0,0,0,0,0,0,1,0
343,Amed Rosario,TB ,244,428,324.9,39.2,394.0,0.0,1.0,0,0,0,1,1,0,1,0
344,Jason Adam,TB ,149,407,327.4,41.3,337.0,1.0,0.0,1,0,0,0,0,0,0,0
345,Willi Castro,MIN ,218,438,308.9,38.2,298.0,0.0,1.0,0,0,1,1,1,0,1,0
346,Wilmer Flores,SF ,211,453,340.9,56.2,369.0,0.0,1.0,0,0,1,0,0,1,0,0
347,Kyle Manzardo,CLE ,224,720,351.4,105.9,456.0,0.0,1.0,0,0,0,0,0,1,0,0
348,Harrison Bader,NYM ,229,400,323.4,44.4,381.0,0.0,1.0,0,0,0,0,0,0,1,0
349,Yoan Moncada,CWS ,228,385,323.9,46.8,407.0,0.0,1.0,0,0,1,0,0,0,0,0
350,Hunter Renfroe,KC ,210,469,334.5,60.7,370.0,0.0,1.0,0,0,0,0,0,1,1,0
351,Masyn Winn,STL ,195,375,319.9,38.5,403.0,0.0,1.0,0,0,0,0,1,0,0,0
352,Jack Flaherty,DET ,244,549,333.5,74.0,322.0,1.0,0.0,0,0,0,0,0,0,0,1
353,Brice Turang,MIL ,234,371,322.8,29.3,405.0,0.0,1.0,0,0,0,1,1,0,0,0
354,Sean Manaea,NYM ,249,477,323.2,56.7,306.0,1.0,0.0,1,0,0,0,0,0,0,1
355,David Robertson,TEX ,197,428,336.6,46.0,336.0,1.0,0.0,1,0,0,0,0,0,0,0
356,Kevin Ginkel,ARI ,215,363,301.5,36.8,468.0,1.0,0.0,1,0,0,0,0,0,0,0
357,Aroldis Chapman,PIT ,147,386,331.7,36.6,305.0,1.0,0.0,1,0,0,0,0,0,0,0
358,Abner Uribe,MIL ,223,448,332.4,52.4,352.0,1.0,0.0,1,0,0,0,0,0,0,0
359,Ramon Laureano,CLE ,241,430,337.9,51.7,479.0,0.0,1.0,0,0,0,0,0,0,1,0
360,Yennier Cano,BAL ,209,419,339.6,43.7,296.0,1.0,0.0,1,0,0,0,0,0,0,0
361,Griffin Jax,MIN ,194,609,325.0,86.5,353.0,1.0,0.0,1,0,0,0,0,0,0,0
362,Chris Paddack,MIN ,254,453,330.7,47.8,338.0,1.0,0.0,1,0,0,0,0,0,0,1
363,Alek Thomas,ARI ,248,411,334.2,40.2,396.0,0.0,1.0,0,0,0,0,0,0,1,0
364,Zack Littell,TB ,221,474,339.4,62.7,408.0,1.0,0.0,1,0,0,0,0,0,0,1
365,Jake McCarthy,ARI ,210,795,360.0,134.5,409.0,0.0,1.0,0,0,0,0,0,0,1,0
366,Brenton Doyle,COL ,247,468,343.4,48.4,467.0,0.0,1.0,0,0,0,0,0,0,1,0
367,Paul Skenes,PIT ,217,554,335.8,75.5,274.0,1.0,0.0,0,0,0,0,0,0,0,1
368,Jameson Taillon,CHC ,242,433,354.9,42.8,399.0,1.0,0.0,0,0,0,0,0,0,0,1
369,Clarke Schmidt,NYY ,264,425,343.1,36.5,354.0,1.0,0.0,0,0,0,0,0,0,0,1
370,Ryan Noda,OAK ,188,439,339.2,71.1,461.0,0.0,1.0,0,0,0,0,0,1,0,0
371,Austin Wells,NYY ,200,441,328.2,44.0,314.0,0.0,1.0,0,1,0,0,0,0,0,0
372,Colton Cowser,BAL ,199,850,375.3,134.6,423.0,0.0,1.0,0,0,0,0,0,0,1,0
373,Ezequiel Duran,TEX ,217,669,363.3,88.9,348.0,0.0,1.0,0,0,1,0,1,1,1,0
374,Nolan Schanuel,LAA ,157,425,329.5,57.1,363.0,0.0,1.0,0,0,0,0,0,1,0,0
375,Javier Baez,DET ,245,441,342.6,59.1,365.0,0.0,1.0,0,0,0,0,1,0,0,0
376,Mark Canha,DET ,272,525,357.0,62.5,359.0,0.0,1.0,0,0,0,0,0,1,1,0
377,Anthony Rendon,LAA ,152,427,346.6,79.9,425.0,0.0,1.0,0,0,1,0,0,0,0,0
378,Danny Jansen,TOR ,238,404,338.2,51.5,323.0,0.0,1.0,0,1,0,0,0,0,0,0
379,JP Sears,OAK ,260,456,351.0,48.1,374.0,1.0,0.0,0,0,0,0,0,0,0,1
380,Max Meyer,MIA ,256,456,351.8,59.6,457.0,1.0,0.0,0,0,0,0,0,0,0,1
381,Josiah Gray,WSH ,268,1317,421.4,250.7,385.0,1.0,0.0,0,0,0,0,0,0,0,1
382,Chase Silseth,LAA ,232,430,352.6,40.1,449.0,1.0,0.0,1,0,0,0,0,0,0,1
383,Miles Mikolas,STL ,261,408,364.0,33.5,311.0,1.0,0.0,0,0,0,0,0,0,0,1
384,Trevor Megill,MIL ,115,414,340.2,51.6,515.0,1.0,0.0,1,0,0,0,0,0,0,0
385,Andrew Heaney,TEX ,285,443,354.9,43.2,327.0,1.0,0.0,1,0,0,0,0,0,0,1
386,James McArthur,KC ,265,440,356.9,42.3,389.0,1.0,0.0,1,0,0,0,0,0,0,0
387,Casey Mize,DET ,222,516,368.6,76.4,355.0,1.0,0.0,0,0,0,0,0,0,0,1
388,Jesus Sanchez,MIA ,254,460,358.2,66.8,524.0,0.0,1.0,0,0,0,0,0,0,1,0
389,Trevor Rogers,MIA ,274,413,345.6,42.8,443.0,1.0,0.0,0,0,0,0,0,0,0,1
390,Davis Schneider,TOR ,171,534,349.9,100.0,419.0,0.0,1.0,0,0,0,1,0,0,1,0
391,Jared Jones,PIT ,242,667,384.6,102.3,480.0,1.0,0.0,0,0,0,0,0,0,0,1
392,Erick Fedde,CWS ,234,1152,417.0,222.6,351.0,1.0,0.0,0,0,0,0,0,0,0,1
393,Reynaldo Lopez,ATL ,297,604,371.8,75.1,347.0,1.0,0.0,1,0,0,0,0,0,0,1
394,Michael Kopech,CWS ,216,415,342.8,51.7,375.0,1.0,0.0,1,0,0,0,0,0,0,1
395,Taijuan Walker,PHI ,177,543,395.5,94.4,310.0,1.0,0.0,0,0,0,0,0,0,0,1
396,Matt Brash,SEA ,152,525,362.5,86.6,367.0,1.0,0.0,1,0,0,0,0,0,0,0
397,Garrett Mitchell,MIL ,217,540,390.6,65.5,404.0,0.0,1.0,0,0,0,0,0,0,1,0
398,Dane Dunning,TEX ,215,486,369.3,38.8,343.0,1.0,0.0,1,0,0,0,0,0,0,1
399,Johan Rojas,PHI ,214,476,369.7,56.4,377.0,0.0,1.0,0,0,0,0,0,0,1,0
400,Harold Ramirez,TB ,225,594,395.2,114.1,428.0,0.0,1.0,0,0,0,0,0,0,1,0
401,Carlos Santana,MIN ,278,438,373.3,57.8,364.0,0.0,1.0,0,0,0,0,0,1,0,0
402,LaMonte Wade Jr.,SF ,208,424,360.8,63.0,454.0,0.0,1.0,0,0,0,0,0,1,1,0
403,Justin Lawrence,COL ,239,563,369.2,80.2,465.0,1.0,0.0,1,0,0,0,0,0,0,0
404,Luis Gil,NYY ,241,457,366.0,50.1,543.0,1.0,0.0,0,0,0,0,0,0,0,1
405,Garrett Crochet,CWS ,268,649,385.4,109.8,386.0,1.0,0.0,1,0,0,0,0,0,0,1
406,Bryan Abreu,HOU ,216,454,381.3,63.2,297.0,1.0,0.0,1,0,0,0,0,0,0,0
407,Ryan O'Hearn,BAL ,289,441,370.4,43.6,450.0,0.0,1.0,0,0,0,0,0,1,1,0
408,Chris Taylor,LAD ,257,468,382.3,56.9,373.0,0.0,1.0,0,0,1,0,1,0,1,0
409,Lucas Giolito,BOS ,199,295,252.8,21.7,382.0,1.0,0.0,0,0,0,0,0,0,0,1
410,Rowdy Tellez,PIT ,290,531,397.4,70.9,475.0,0.0,1.0,0,0,0,0,0,1,0,0
411,Tylor Megill,NYM ,265,606,398.8,79.3,472.0,1.0,0.0,0,0,0,0,0,0,0,1
412,Tanner Houck,BOS ,308,475,377.1,44.3,416.0,1.0,0.0,0,0,0,0,0,0,0,1
413,Seranthony Dominguez,PHI ,288,561,405.0,73.4,462.0,1.0,0.0,1,0,0,0,0,0,0,0
414,Hector Neris,CHC ,315,473,391.4,38.5,333.0,1.0,0.0,1,0,0,0,0,0,0,0
415,Jose Quintana,NYM ,330,458,391.4,35.0,358.0,1.0,0.0,0,0,0,0,0,0,0,1
416,Patrick Sandoval,LAA ,259,455,366.2,60.2,371.0,1.0,0.0,0,0,0,0,0,0,0,1
417,Clayton Kershaw,LAD ,300,590,403.7,83.6,339.0,1.0,0.0,0,0,0,0,0,0,0,1
418,Pete Crow-Armstrong,CHC ,246,718,418.0,130.1,392.0,0.0,1.0,0,0,0,0,0,0,1,0
419,Luis Garcia,WSH ,248,445,371.9,65.3,508.0,0.0,1.0,0,0,0,1,0,0,0,0
420,Ricky Tiedemann,TOR ,327,555,402.0,56.8,452.0,1.0,0.0,0,0,0,0,0,0,0,1
421,Adam Duvall,ATL ,204,690,415.3,102.0,401.0,0.0,1.0,0,0,0,0,0,0,1,0
422,Graham Ashcraft,CIN ,296,1096,453.0,207.0,376.0,1.0,0.0,0,0,0,0,0,0,0,1
423,Jon Berti,NYY ,256,598,412.6,90.7,411.0,0.0,1.0,0,0,1,1,1,0,1,0
424,Scott Barlow,CLE ,167,505,405.3,68.4,482.0,1.0,0.0,1,0,0,0,0,0,0,0
425,Jesse Winker,WSH ,220,1019,460.9,241.3,812.0,0.0,1.0,0,0,0,0,0,0,1,0
426,Alex Cobb,SF ,272,410,373.3,27.9,474.0,1.0,0.0,0,0,0,0,0,0,0,1
427,J.D. Davis,OAK ,230,443,389.0,39.7,504.0,0.0,1.0,0,0,1,0,0,1,0,0
428,Mickey Moniak,LAA ,275,495,401.9,57.8,430.0,0.0,1.0,0,0,0,0,0,0,1,0
429,Elehuris Montero,COL ,256,531,404.1,74.4,421.0,0.0,1.0,0,0,1,0,0,1,0,0
430,Alek Manoah,TOR ,252,513,420.9,79.6,388.0,1.0,0.0,0,0,0,0,0,0,0,1
431,Steven Matz,STL ,296,440,375.6,41.2,463.0,1.0,0.0,1,0,0,0,0,0,0,1
432,John Brebbia,CWS ,265,457,403.1,49.7,447.0,1.0,0.0,1,0,0,0,0,0,0,1
433,James Wood,WSH ,241,1407,494.4,307.4,422.0,0.0,1.0,0,0,0,0,0,0,1,0
434,Dylan Floro,WSH ,294,627,410.1,120.9,589.0,1.0,0.0,1,0,0,0,0,0,0,0
435,Connor Wong,BOS ,322,414,369.4,29.5,453.0,0.0,1.0,0,1,0,0,0,0,0,0
436,Jake Rogers,DET ,341,441,389.8,28.8,387.0,0.0,1.0,0,1,0,0,0,0,0,0
437,Yimi Garcia,TOR ,277,650,420.2,95.8,542.0,1.0,0.0,1,0,0,0,0,0,0,0
438,A.J. Minter,ATL ,288,601,417.6,77.9,329.0,1.0,0.0,1,0,0,0,0,0,0,0
439,Giovanny Gallegos,STL ,313,496,411.8,57.0,593.0,1.0,0.0,1,0,0,0,0,0,0,0
440,Heston Kjerstad,BAL ,200,1375,517.3,338.1,533.0,0.0,1.0,0,0,0,0,0,0,1,0
441,Jorge Lopez,NYM ,284,845,478.3,198.8,585.0,1.0,0.0,1,0,0,0,0,0,0,0
442,Patrick Bailey,SF ,207,496,416.7,43.1,390.0,0.0,1.0,0,1,0,0,0,0,0,0
443,Seth Brown,OAK ,225,517,417.3,74.4,529.0,0.0,1.0,0,0,0,0,0,1,1,0
444,Oscar Gonzalez,NYY ,225,1467,583.8,433.6,871.0,0.0,1.0,0,0,0,0,0,0,1,0
445,Jose Caballero,TB ,278,706,450.3,118.3,424.0,0.0,1.0,0,0,0,1,1,0,0,0
446,Taylor Rogers,SF ,306,635,458.9,110.5,750.0,1.0,0.0,1,0,0,0,0,0,0,0
447,J.P. France,HOU ,367,499,428.4,44.5,420.0,1.0,0.0,0,0,0,0,0,0,0,1
448,Jeff Hoffman,PHI ,362,455,405.3,21.1,493.0,1.0,0.0,1,0,0,0,0,0,0,0
449,Andrew McCutchen,PIT ,284,567,440.0,65.8,434.0,0.0,1.0,0,0,0,0,0,0,1,0
450,Brady Singer,KC ,239,528,424.9,53.1,400.0,1.0,0.0,0,0,0,0,0,0,0,1
451,Joe Boyle,OAK ,297,708,447.9,102.8,460.0,1.0,0.0,0,0,0,0,0,0,0,1
452,Yan Gomes,CHC ,346,462,411.7,22.9,426.0,0.0,1.0,0,1,0,0,0,0,0,0
453,Michael Soroka,CWS ,359,565,439.9,61.1,435.0,1.0,0.0,0,0,0,0,0,0,0,1
454,Jordan Wicks,CHC ,306,490,425.6,42.1,418.0,1.0,0.0,0,0,0,0,0,0,0,1
455,Jacob deGrom,TEX ,365,521,436.4,38.8,345.0,1.0,0.0,0,0,0,0,0,0,0,1
456,Sawyer Gipson-Long,DET ,284,555,432.1,59.7,503.0,1.0,0.0,0,0,0,0,0,0,0,1
457,Rene Pinto,TB ,372,498,414.7,37.0,511.0,0.0,1.0,0,1,0,0,0,0,0,0
458,Gary Sanchez,MIL ,354,487,417.3,35.2,402.0,0.0,1.0,0,1,0,0,0,0,0,0
459,Kyle Gibson,STL ,282,537,433.1,59.6,308.0,1.0,0.0,0,0,0,0,0,0,0,1
460,Brock Stewart,MIN ,375,461,402.8,27.2,715.0,1.0,0.0,1,0,0,0,0,0,0,0
461,Tyler Kinley,COL ,305,711,450.3,113.0,621.0,1.0,0.0,1,0,0,0,0,0,0,0
462,C.J. Cron,FreeAgent,239,997,507.8,254.2,569.0,0.0,1.0,0,0,0,0,0,1,0,0
463,Jasson Dominguez,NYY ,271,1309,534.3,298.0,383.0,0.0,1.0,0,0,0,0,0,0,1,0
464,Jared Triolo,PIT ,238,438,411.8,42.3,478.0,0.0,1.0,0,0,1,1,0,1,0,0
465,Adalberto Mondesi,FreeAgent,224,1284,606.2,354.5,664.0,0.0,1.0,0,0,0,0,1,0,0,0
466,Gregory Santos,SEA ,164,611,451.7,100.4,484.0,1.0,0.0,1,0,0,0,0,0,0,0
467,Michael Massey,KC ,242,553,444.6,53.5,510.0,0.0,1.0,0,0,0,1,0,0,0,0
468,Eddie Rosario,WSH ,211,518,431.0,62.9,534.0,0.0,1.0,0,0,0,0,0,0,1,0
469,Orion Kerkering,PHI ,331,491,441.3,45.2,398.0,1.0,0.0,1,0,0,0,0,0,0,0
470,Chase DeLauter,CLE ,190,1452,575.2,406.6,488.0,0.0,1.0,0,0,0,0,0,0,1,0
471,Daniel Bard,COL ,171,1312,585.2,347.2,581.0,1.0,0.0,1,0,0,0,0,0,0,0
472,Brusdar Graterol,LAD ,320,537,427.2,78.8,413.0,1.0,0.0,1,0,0,0,0,0,0,0
473,Keaton Winn,SF ,366,543,440.7,54.5,541.0,1.0,0.0,0,0,0,0,0,0,0,1
474,Jhony Brito,SD ,364,648,465.3,82.2,444.0,1.0,0.0,1,0,0,0,0,0,0,1
475,Kyle Hendricks,CHC ,360,531,449.0,35.0,455.0,1.0,0.0,0,0,0,0,0,0,0,1
476,Matt Strahm,PHI ,284,535,452.3,57.0,380.0,1.0,0.0,1,0,0,0,0,0,0,1
477,Aaron Ashby,MIL ,351,572,468.4,56.6,477.0,1.0,0.0,0,0,0,0,0,0,0,1
478,Luis Matos,SF ,284,600,466.9,103.5,549.0,0.0,1.0,0,0,0,0,0,0,1,0
479,Daniel Hudson,LAD ,338,540,409.3,81.6,440.0,1.0,0.0,1,0,0,0,0,0,0,1
480,Ryan Weathers,MIA ,349,1159,556.7,275.8,526.0,1.0,0.0,0,0,0,0,0,0,0,1
481,Bryce Elder,ATL ,326,576,468.1,62.5,393.0,1.0,0.0,0,0,0,0,0,0,0,1
482,AJ Smith-Shawver,ATL ,357,943,514.9,162.6,442.0,1.0,0.0,0,0,0,0,0,0,0,1
483,Liover Peguero,PIT ,268,1264,571.7,320.4,531.0,0.0,1.0,0,0,0,1,1,0,0,0
484,Matt Manning,DET ,366,512,455.7,35.0,459.0,1.0,0.0,0,0,0,0,0,0,0,1
485,Logan Allen,ARI ,312,1095,577.7,365.9, ,1.0,0.0,1,0,0,0,0,0,0,1
486,Joey Ortiz,MIL ,241,604,463.2,66.8,586.0,0.0,1.0,0,0,1,1,0,0,0,0
487,Erik Swanson,TOR ,334,616,472.2,98.5,441.0,1.0,0.0,1,0,0,0,0,0,0,0
488,Xavier Edwards,MIA ,250,1383,667.4,394.1,659.0,0.0,1.0,0,0,0,1,0,0,0,0
489,Cavan Biggio,TOR ,293,653,494.2,113.8,464.0,0.0,1.0,0,0,1,1,0,1,1,0
490,Drew Waters,KC ,259,1338,617.6,374.9,555.0,0.0,1.0,0,0,0,0,0,0,1,0
491,Geraldo Perdomo,ARI ,415,549,459.2,45.4,415.0,0.0,1.0,0,0,1,1,1,0,0,0
492,Jorge Mateo,BAL ,231,963,534.2,237.8,433.0,0.0,1.0,0,0,0,1,1,0,0,0
493,Jordan Leasure,CWS ,311,589,458.0,88.7,749.0,1.0,0.0,1,0,0,0,0,0,0,0
494,Chris Martin,BOS ,318,506,443.8,51.6,431.0,1.0,0.0,1,0,0,0,0,0,0,0
495,Andrew Nardi,MIA ,317,466,445.0,23.4,448.0,1.0,0.0,1,0,0,0,0,0,0,0
496,Joey Gallo,WSH ,274,649,486.4,77.7,437.0,0.0,1.0,0,0,0,0,0,1,1,0
497,Mauricio Dubon,HOU ,348,660,493.0,102.9,414.0,0.0,1.0,0,0,0,1,1,0,1,0
498,Chad Green,TOR ,377,591,473.6,84.8,776.0,1.0,0.0,1,0,0,0,0,0,0,0
499,Dominic Canzone,SEA ,273,692,498.2,139.1,520.0,0.0,1.0,0,0,0,0,0,0,1,0
500,Michael Lorenzen,TEX ,323,540,465.7,46.0,544.0,1.0,0.0,1,0,0,0,0,0,0,1
501,Bowden Francis,TOR ,351,528,458.2,65.8,682.0,1.0,0.0,1,0,0,0,0,0,0,0
502,Tyler Soderstrom,OAK ,276,1023,591.0,247.0,554.0,0.0,1.0,0,1,0,0,0,1,0,0
503,Colin Rea,MIL ,419,673,498.2,90.5,576.0,1.0,0.0,0,0,0,0,0,0,0,1
504,Nick Martinez,CIN ,402,680,498.3,97.7,427.0,1.0,0.0,1,0,0,0,0,0,0,1
505,Jose Miranda,MIN ,237,1434,718.0,366.6,611.0,0.0,1.0,0,0,1,0,0,0,0,0
506,Travis d'Arnaud,ATL ,353,527,460.8,44.3,391.0,0.0,1.0,0,1,0,0,0,0,0,0
507,Brayan Rocchio,CLE ,380,611,478.0,74.5,563.0,0.0,1.0,0,0,1,0,1,0,0,0
508,Miguel Vargas,LAD ,393,1332,613.3,326.5,540.0,0.0,1.0,0,0,0,1,0,0,0,0
509,Matt Mervis,CHC ,337,1443,689.4,393.1,588.0,0.0,1.0,0,0,0,0,0,1,0,0
510,Sean Bouchard,COL ,421,1292,615.2,339.0,612.0,0.0,1.0,0,0,0,0,0,0,1,0
511,Jonathan Aranda,TB ,390,1219,614.8,308.8,575.0,0.0,1.0,0,0,0,0,0,1,0,0
512,Jeffrey Springs,TB ,367,529,465.8,58.9,439.0,1.0,0.0,0,0,0,0,0,0,0,1
513,Curtis Mead,TB ,341,1304,616.5,314.9,518.0,0.0,1.0,0,0,1,1,0,0,0,0
514,Colin Poche,TB ,373,590,481.2,76.5,507.0,1.0,0.0,1,0,0,0,0,0,0,0
515,Wilyer Abreu,BOS ,442,522,473.7,25.1,466.0,0.0,1.0,0,0,0,0,0,0,1,0
516,Andrew Kittredge,STL ,391,689,523.3,131.0,523.0,1.0,0.0,1,0,0,0,0,0,0,0
517,Drew Rasmussen,TB ,413,768,541.0,138.1,671.0,1.0,0.0,0,0,0,0,0,0,0,1
518,Gio Urshela,DET ,322,650,521.2,120.5,496.0,0.0,1.0,0,0,1,0,1,1,0,0
519,Martin Perez,PIT ,378,950,610.4,220.3,395.0,1.0,0.0,1,0,0,0,0,0,0,1
520,Cole Irvin,BAL ,436,497,468.6,19.6,502.0,1.0,0.0,1,0,0,0,0,0,0,1
521,Brooks Lee,MIN ,296,1457,713.4,391.3,597.0,0.0,1.0,0,0,0,0,1,0,0,0
522,Ryne Nelson,ARI ,374,568,494.8,76.3,485.0,1.0,0.0,0,0,0,0,0,0,0,1
523,Tom Murphy,SF ,303,748,558.3,163.4,606.0,0.0,1.0,0,1,0,0,0,0,0,0
524,Alex Vesia,LAD ,402,714,553.0,144.6,897.0,1.0,0.0,1,0,0,0,0,0,0,0
525,Mike Yastrzemski,SF ,266,571,500.0,65.6,432.0,0.0,1.0,0,0,0,0,0,0,1,0
526,Cade Horton,CHC ,366,858,539.3,136.2,530.0,1.0,0.0,0,0,0,0,0,0,0,1
527,Mike Clevinger,CWS ,382,722,518.7,97.7,501.0,1.0,0.0,0,0,0,0,0,0,0,1
528,Josh Rojas,SEA ,354,831,553.0,146.4,546.0,0.0,1.0,0,0,1,1,0,0,1,0
529,Joe Jimenez,ATL ,399,627,517.5,105.9,742.0,1.0,0.0,1,0,0,0,0,0,0,0
530,Wade Miley,MIL ,384,548,479.4,57.2,417.0,1.0,0.0,0,0,0,0,0,0,0,1
531,Miguel Andujar,OAK ,254,1330,696.3,309.7,516.0,0.0,1.0,0,0,0,0,0,0,1,0
532,Kyle Isbel,KC ,395,707,526.8,100.1,641.0,0.0,1.0,0,0,0,0,0,0,1,0
533,Patrick Wisdom,CHC ,321,593,521.0,115.6,436.0,0.0,1.0,0,0,1,0,0,1,1,0
534,JoJo Romero,STL ,390,707,550.5,136.2,767.0,1.0,0.0,1,0,0,0,0,0,0,0
535,Jackson Jobe,DET ,396,658,506.2,86.8,552.0,1.0,0.0,0,0,0,0,0,0,0,1
536,Freddy Fermin,KC ,419,629,510.5,69.0,476.0,0.0,1.0,0,1,0,0,0,0,0,0
537,Drew Thorpe,CWS ,394,559,487.0,60.0,578.0,1.0,0.0,0,0,0,0,0,0,0,1
538,Blaze Alexander,ARI ,329,1526,795.5,446.7, ,0.0,1.0,0,0,0,1,1,0,0,0
539,Nick Senzel,WSH ,290,587,505.2,55.1,525.0,0.0,1.0,0,0,1,0,0,0,1,0
540,Victor Robles,WSH ,381,749,555.8,126.1,652.0,0.0,1.0,0,0,0,0,0,0,1,0
541,Jason Heyward,LAD ,420,693,551.8,109.6,451.0,0.0,1.0,0,0,0,0,0,0,1,0
542,Javier Assad,CHC ,448,814,534.3,125.7,470.0,1.0,0.0,1,0,0,0,0,0,0,1
543,Luken Baker,STL ,345,1545,889.5,429.5,808.0,0.0,1.0,0,0,0,0,0,1,0,0
544,Ross Stripling,OAK ,436,556,489.2,44.3,579.0,1.0,0.0,1,0,0,0,0,0,0,1
545,Tyler Black,MIL ,239,1318,604.6,292.1,512.0,0.0,1.0,0,0,1,1,0,0,0,0
546,Ronel Blanco,HOU ,415,980,614.7,258.7, ,1.0,0.0,1,0,0,0,0,0,0,1
547,Prelander Berroa,CWS ,372,714,571.3,144.9,532.0,1.0,0.0,1,0,0,0,0,0,0,1
548,Jason Foley,DET ,441,508,482.2,15.9,483.0,1.0,0.0,1,0,0,0,0,0,0,0
549,Anthony DeSclafani,MIN ,395,804,603.2,156.3,594.0,1.0,0.0,0,0,0,0,0,0,0,1
550,Austin Meadows,FreeAgent,365,1482,891.0,458.3,909.0,0.0,1.0,0,0,0,0,0,0,1,0
551,Oswald Peraza,NYY ,439,1369,699.6,345.9,590.0,0.0,1.0,0,0,1,1,1,0,0,0
552,Trevor Bauer,FreeAgent,369,547,458.0,89.0,469.0,1.0,0.0,0,0,0,0,0,0,0,1
553,Alec Burleson,STL ,371,1266,668.3,282.7,629.0,0.0,1.0,0,0,0,0,0,1,1,0
554,Marco Luciano,SF ,335,1191,620.3,262.6,535.0,0.0,1.0,0,0,0,0,1,0,0,0
555,Brandon Woodruff,MIL ,373,812,592.5,219.5,553.0,1.0,0.0,0,0,0,0,0,0,0,1
556,Will Brennan,CLE ,218,644,538.8,79.5,631.0,0.0,1.0,0,0,0,0,0,0,1,0
557,Garrett Cooper,BOS ,384,1107,670.8,237.0,672.0,0.0,1.0,0,0,0,0,0,1,0,0
558,Jo Adell,LAA ,384,1100,620.2,224.5,580.0,0.0,1.0,0,0,0,0,0,0,1,0
559,Alex Wood,OAK ,444,717,576.0,111.0,602.0,1.0,0.0,1,0,0,0,0,0,0,1
560,Shane McClanahan,TB ,386,633,549.7,115.7,498.0,1.0,0.0,0,0,0,0,0,0,0,1
561,Ian Hamilton,NYY ,392,592,507.8,73.5,752.0,1.0,0.0,1,0,0,0,0,0,0,0
562,Manuel Margot,MIN ,449,678,550.0,90.3,688.0,0.0,1.0,0,0,0,0,0,0,1,0
563,Colin Holderman,PIT ,391,609,500.0,109.0,842.0,1.0,0.0,1,0,0,0,0,0,0,0
564,Hayden Wesneski,CHC ,392,688,554.0,104.1,592.0,1.0,0.0,1,0,0,0,0,0,0,1
565,Dylan Carlson,STL ,430,755,547.2,104.2,605.0,0.0,1.0,0,0,0,0,0,0,1,0
566,Lucas Erceg,OAK ,463,625,521.5,58.3,648.0,1.0,0.0,1,0,0,0,0,0,0,0
567,Connor Phillips,CIN ,397,1052,666.0,222.5,607.0,1.0,0.0,0,0,0,0,0,0,0,1
568,Tim Mayza,TOR ,397,829,612.3,176.4,858.0,1.0,0.0,1,0,0,0,0,0,0,0
569,Christian Bethancourt,MIA ,441,632,529.2,68.7,568.0,0.0,1.0,0,1,0,0,0,0,0,0
570,Carlos Carrasco,CLE ,398,749,623.0,159.5,895.0,1.0,0.0,0,0,0,0,0,0,0,1
571,Pierce Johnson,ATL ,446,660,547.2,80.8,711.0,1.0,0.0,1,0,0,0,0,0,0,0
572,Caleb Ferguson,NYY ,400,706,597.0,139.6,805.0,1.0,0.0,1,0,0,0,0,0,0,1
573,Matt Vierling,DET ,340,546,508.2,45.8,522.0,0.0,1.0,0,0,1,0,0,0,1,0
574,Luis Garcia,HOU ,402,809,640.8,151.7,755.0,1.0,0.0,0,0,0,0,0,0,0,1
575,Matthew Liberatore,STL ,427,752,582.4,120.9,723.0,1.0,0.0,1,0,0,0,0,0,0,1
576,Julian Merryweather,CHC ,390,529,498.2,43.1,583.0,1.0,0.0,1,0,0,0,0,0,0,0
577,Dylan Crews,WSH ,393,1444,660.5,352.9,378.0,0.0,1.0,0,0,0,0,0,0,1,0
578,Joey Votto,TOR ,406,1360,769.3,356.0,527.0,0.0,1.0,0,0,0,0,0,1,0,0
579,Jacob Misiorowski,MIL ,406,887,655.5,174.6,603.0,1.0,0.0,0,0,0,0,0,0,0,1
580,Hurston Waldrep,ATL ,407,872,619.0,165.7,584.0,1.0,0.0,0,0,0,0,0,0,0,1
581,Ben Brown,CHC ,408,876,625.7,192.5,727.0,1.0,0.0,1,0,0,0,0,0,0,1
582,Jose Urquidy,HOU ,299,664,530.0,75.4,473.0,1.0,0.0,1,0,0,0,0,0,0,1
583,Kirby Yates,TEX ,410,619,533.4,67.9,500.0,1.0,0.0,1,0,0,0,0,0,0,0
584,Ben Joyce,LAA ,411,808,630.0,146.1,514.0,1.0,0.0,1,0,0,0,0,0,0,0
585,Danny Coulombe,BAL ,436,793,576.8,136.2,830.0,1.0,0.0,1,0,0,0,0,0,0,0
586,Shawn Armstrong,TB ,415,836,625.5,210.5,867.0,1.0,0.0,1,0,0,0,0,0,0,1
587,Josh Sborz,TEX ,418,583,522.2,50.5,674.0,1.0,0.0,1,0,0,0,0,0,0,0
588,Julio Urias,FreeAgent,417,688,552.5,135.5,458.0,1.0,0.0,0,0,0,0,0,0,0,1
589,Gabe Speier,SEA ,418,696,557.0,139.0, ,1.0,0.0,1,0,0,0,0,0,0,0
590,Ivan Herrera,STL ,444,693,536.8,85.0,560.0,0.0,1.0,0,1,0,0,0,0,0,0
591,Mason Black,SF ,430,745,595.2,114.9,753.0,1.0,0.0,0,0,0,0,0,0,0,1
592,Adrian Houser,NYM ,380,652,551.2,76.7,564.0,1.0,0.0,0,0,0,0,0,0,0,1
593,Joey Wiemer,MIL ,421,1299,720.5,343.5,567.0,0.0,1.0,0,0,0,0,0,0,1,0
594,Mick Abel,PHI ,421,1289,740.0,327.8,733.0,1.0,0.0,0,0,0,0,0,0,0,1
595,Tyler Rogers,SF ,436,604,512.3,69.4,471.0,1.0,0.0,1,0,0,0,0,0,0,0
596,Robby Snelling,SD ,423,855,660.6,146.3,732.0,1.0,0.0,0,0,0,0,0,0,0,1
597,Woo-Suk Go,MIA ,424,683,576.8,106.0,616.0,1.0,0.0,1,0,0,0,0,0,0,0
598,Michael A. Taylor,PIT ,468,524,496.8,18.9,617.0,0.0,1.0,0,0,0,0,0,0,1,0
599,Brock Burke,TEX ,425,695,560.0,135.0, ,1.0,0.0,1,0,0,0,0,0,0,0
600,Wandy Peralta,SD ,433,702,551.8,99.0, ,1.0,0.0,1,0,0,0,0,0,0,0
601,James Karinchak,CLE ,426,807,612.5,148.9,880.0,1.0,0.0,1,0,0,0,0,0,0,0
602,Joe Kelly,LAD ,435,640,526.0,85.3,601.0,1.0,0.0,1,0,0,0,0,0,0,0
603,Will Warren,NYY ,428,812,572.0,116.7,608.0,1.0,0.0,0,0,0,0,0,0,0,1
604,Hyun Jin Ryu,FreeAgent,432,831,590.3,173.0,572.0,1.0,0.0,0,0,0,0,0,0,0,1
605,Richie Palacios,TB ,450,751,574.5,117.1,636.0,0.0,1.0,0,0,0,1,0,0,1,0
606,Kyle Stowers,BAL ,429,1549,887.7,479.2, ,0.0,1.0,0,0,0,0,0,0,1,0
607,Andrew Painter,PHI ,430,824,614.7,161.8, ,1.0,0.0,0,0,0,0,0,0,0,1
608,Lance McCullers Jr.,HOU ,431,695,546.0,84.9,663.0,1.0,0.0,0,0,0,0,0,0,0,1
609,Tyler Holton,DET ,432,879,638.7,184.0,821.0,1.0,0.0,1,0,0,0,0,0,0,0
610,Joe Ross,MIL ,452,757,587.4,113.4,775.0,1.0,0.0,0,0,0,0,0,0,0,1
611,Paul DeJong,CWS ,434,1060,653.0,240.7,609.0,0.0,1.0,0,0,0,0,1,0,0,0
612,Marco Gonzales,PIT ,435,1262,780.7,351.0,627.0,1.0,0.0,0,0,0,0,0,0,0,1
613,Sixto Sanchez,MIA ,460,588,517.6,43.5,620.0,1.0,0.0,1,0,0,0,0,0,0,1
614,Jake Irvin,WSH ,456,1192,691.8,267.0,667.0,1.0,0.0,0,0,0,0,0,0,0,1
615,Dustin May,LAD ,437,652,569.6,76.8,655.0,1.0,0.0,0,0,0,0,0,0,0,1
616,John Schreiber,KC ,437,626,557.0,71.7,789.0,1.0,0.0,1,0,0,0,0,0,0,0
617,Emilio Pagan,CIN ,442,769,582.8,123.6,528.0,1.0,0.0,1,0,0,0,0,0,0,0
618,John McMillon,KC ,438,990,662.0,237.0,756.0,1.0,0.0,1,0,0,0,0,0,0,0
619,Mason Montgomery,TB ,439,868,689.0,182.2,894.0,1.0,0.0,0,0,0,0,0,0,0,1
620,Shelby Miller,DET ,466,527,497.8,22.0,490.0,1.0,0.0,1,0,0,0,0,0,0,0
621,Zach McKinstry,DET ,452,705,544.4,86.3,406.0,0.0,1.0,0,0,1,1,1,0,1,0
622,Enyel De Los Santos,SD ,461,844,580.2,137.8,888.0,1.0,0.0,1,0,0,0,0,0,0,0
623,Cade Cavalli,WSH ,444,877,643.6,140.9,698.0,1.0,0.0,0,0,0,0,0,0,0,1
624,Caleb Thielbar,MIN ,444,705,574.5,130.5,905.0,1.0,0.0,1,0,0,0,0,0,0,0
625,Jonathan Loaisiga,NYY ,452,600,534.0,59.4,573.0,1.0,0.0,1,0,0,0,0,0,0,0
626,Tyler Mahle,TEX ,449,721,594.0,88.4,768.0,1.0,0.0,0,0,0,0,0,0,0,1
627,Edward Olivares,PIT ,494,647,524.0,55.2,539.0,0.0,1.0,0,0,0,0,0,0,1,0
628,Phil Maton,TB ,450,773,626.3,133.5,850.0,1.0,0.0,1,0,0,0,0,0,0,0
629,David Peterson,NYM ,451,822,600.5,138.2,685.0,1.0,0.0,1,0,0,0,0,0,0,1
630,Sam Hentges,CLE ,455,666,543.0,89.6, ,1.0,0.0,1,0,0,0,0,0,0,0
631,Ty Madden,DET ,453,882,616.0,160.2,766.0,1.0,0.0,0,0,0,0,0,0,0,1
632,Paul Blackburn,OAK ,454,632,538.7,52.5,556.0,1.0,0.0,0,0,0,0,0,0,0,1
633,Emerson Hancock,SEA ,349,650,553.8,65.4,676.0,1.0,0.0,0,0,0,0,0,0,0,1
634,Coby Mayo,BAL ,467,1447,700.4,374.6,545.0,0.0,1.0,0,0,1,0,0,1,0,0
635,Steven Wilson,CWS ,481,651,538.0,68.4,879.0,1.0,0.0,1,0,0,0,0,0,0,0
636,Rafael Montero,HOU ,456,608,532.0,76.0, ,1.0,0.0,1,0,0,0,0,0,0,0
637,Kike Hernandez,LAD ,481,689,584.8,84.9,429.0,0.0,1.0,0,0,1,1,1,1,1,0
638,Rhett Lowder,CIN ,457,753,645.3,133.6, ,1.0,0.0,0,0,0,0,0,0,0,1
639,Aaron Bummer,ATL ,457,582,519.5,62.5,826.0,1.0,0.0,1,0,0,0,0,0,0,0
640,Isaiah Campbell,BOS ,458,866,613.3,180.2,813.0,1.0,0.0,1,0,0,0,0,0,0,0
641,Drew Smyly,CHC ,458,677,581.8,79.3,640.0,1.0,0.0,1,0,0,0,0,0,0,1
642,Hoby Milner,MIL ,459,873,637.7,173.7,862.0,1.0,0.0,1,0,0,0,0,0,0,0
643,Brandon Belt,FreeAgent,459,775,646.5,116.1,598.0,0.0,1.0,0,0,0,0,0,1,0,0
644,Tyler Anderson,LAA ,459,736,588.0,92.3,571.0,1.0,0.0,0,0,0,0,0,0,0,1
645,Chase Hampton,NYY ,460,894,743.0,172.7,870.0,1.0,0.0,0,0,0,0,0,0,0,1
646,Dany Jimenez,OAK ,463,583,525.8,38.5,673.0,1.0,0.0,1,0,0,0,0,0,0,0
647,JJ Bleday,OAK ,480,597,526.4,40.0,638.0,0.0,1.0,0,0,0,0,0,0,1,0
648,Randy Vasquez,SD ,466,727,621.7,112.3,630.0,1.0,0.0,1,0,0,0,0,0,0,1
649,Estevan Florial,CLE ,480,781,590.8,109.5,675.0,0.0,1.0,0,0,0,0,0,0,1,0
650,Tommy Kahnle,NYY ,467,835,622.7,155.5,782.0,1.0,0.0,1,0,0,0,0,0,0,0
651,Lawrence Butler,OAK ,483,617,547.8,58.9,657.0,0.0,1.0,0,0,0,0,0,0,1,0
652,Alec Marsh,KC ,469,1333,778.0,393.3,764.0,1.0,0.0,1,0,0,0,0,0,0,1
653,Nick Nastrini,CWS ,471,1246,715.3,309.5,737.0,1.0,0.0,0,0,0,0,0,0,0,1
654,Nick Pratto,KC ,472,1367,755.8,317.6,713.0,0.0,1.0,0,0,0,0,0,1,1,0
655,Robert Gasser,MIL ,375,551,520.4,27.5,536.0,1.0,0.0,0,0,0,0,0,0,0,1
656,Jakob Junis,MIL ,414,577,543.6,35.9,642.0,1.0,0.0,1,0,0,0,0,0,0,1
657,Justin Foscue,TEX ,477,1401,832.0,406.4,670.0,0.0,1.0,0,0,1,1,0,1,0,0
658,Nick Sandlin,CLE ,477,587,532.0,55.0, ,1.0,0.0,1,0,0,0,0,0,0,0
659,Miguel Sano,LAA ,479,1364,874.5,316.8,875.0,0.0,1.0,0,0,1,0,0,1,0,0
660,Garrett Hampson,KC ,479,1340,826.7,370.5,772.0,0.0,1.0,0,0,0,1,1,0,1,0
661,Will Vest,DET ,480,728,611.0,101.7,788.0,1.0,0.0,1,0,0,0,0,0,0,0
662,Kevin Kiermaier,TOR ,382,687,568.0,70.8,497.0,0.0,1.0,0,0,0,0,0,0,1,0
663,Spencer Turnbull,PHI ,482,1116,679.2,228.9,795.0,1.0,0.0,0,0,0,0,0,0,0,1
664,Adam Ottavino,NYM ,482,569,538.3,33.4,505.0,1.0,0.0,1,0,0,0,0,0,0,0
665,Dauri Moreta,PIT ,483,766,624.5,141.5,881.0,1.0,0.0,1,0,0,0,0,0,0,0
666,Brooks Raley,NYM ,484,849,627.7,158.8,790.0,1.0,0.0,1,0,0,0,0,0,0,0
667,Mark Leiter Jr.,CHC ,485,745,605.0,95.7,761.0,1.0,0.0,1,0,0,0,0,0,0,0
668,Kody Funderburk,MIN ,488,791,629.7,124.5, ,1.0,0.0,1,0,0,0,0,0,0,0
669,Zack Thompson,STL ,492,659,547.5,65.9,637.0,1.0,0.0,1,0,0,0,0,0,0,1
670,Aaron Hicks,LAA ,489,629,554.0,54.4,570.0,0.0,1.0,0,0,0,0,0,0,1,0
671,Anthony Bender,MIA ,489,625,568.3,49.6,807.0,1.0,0.0,1,0,0,0,0,0,0,0
672,Steven Okert,MIN ,491,768,629.5,138.5, ,1.0,0.0,1,0,0,0,0,0,0,0
673,Matt Waldron,SD ,491,633,570.8,55.3,591.0,1.0,0.0,0,0,0,0,0,0,0,1
674,Tom Cosgrove,SD ,493,699,596.0,103.0,614.0,1.0,0.0,1,0,0,0,0,0,0,0
675,Oscar Colas,CWS ,495,1476,770.0,358.0,599.0,0.0,1.0,0,0,0,0,0,0,1,0
676,Isiah Kiner-Falefa,TOR ,498,746,583.4,87.3,494.0,0.0,1.0,0,0,1,1,0,0,1,0
677,Trey Lipscomb,WSH ,499,1440,860.5,357.1, ,0.0,1.0,0,0,1,0,0,0,0,0
678,Oswaldo Cabrera,NYY ,499,1399,755.8,327.5,566.0,0.0,1.0,0,0,1,1,1,0,1,0
679,Christian Vazquez,MIN ,499,829,615.3,128.3,491.0,0.0,1.0,0,1,0,0,0,0,0,0
680,Matt Moore,LAA ,499,699,586.0,83.7,836.0,1.0,0.0,1,0,0,0,0,0,0,0
681,Tyrone Taylor,NYM ,500,655,595.3,58.3,628.0,0.0,1.0,0,0,0,0,0,0,1,0
682,Nick Anderson,KC ,500,617,577.8,47.2,651.0,1.0,0.0,1,0,0,0,0,0,0,0
683,Jurickson Profar,SD ,502,644,590.3,55.4,725.0,0.0,1.0,0,0,0,0,0,0,1,0
684,Gregory Soto,PHI ,502,606,564.3,44.9,521.0,1.0,0.0,1,0,0,0,0,0,0,0
685,Miguel Amaya,CHC ,503,657,577.8,63.6,562.0,0.0,1.0,0,1,0,0,0,0,0,0
686,Brandon Williamson,CIN ,504,1301,774.3,321.2,604.0,1.0,0.0,0,0,0,0,0,0,0,1
687,Orelvis Martinez,TOR ,505,1453,828.3,367.5,668.0,0.0,1.0,0,0,1,1,1,0,0,0
688,Garrett Cleavinger,TB ,505,671,588.0,83.0, ,1.0,0.0,1,0,0,0,0,0,0,0
689,Tyler Wade,SD ,506,1456,756.3,404.3, ,0.0,1.0,0,0,1,0,1,0,0,0
690,Andrew Chafin,DET ,509,597,553.0,44.0,898.0,1.0,0.0,1,0,0,0,0,0,0,0
691,Ryne Stanek,SEA ,510,770,661.3,110.3, ,1.0,0.0,1,0,0,0,0,0,0,0
692,Connor Joe,PIT ,355,782,642.4,81.0,653.0,0.0,1.0,0,0,0,0,0,1,1,0
693,Robbie Ray,SF ,383,575,541.4,19.7,438.0,1.0,0.0,0,0,0,0,0,0,0,1
694,Domingo German,PIT ,409,612,562.8,38.4,596.0,1.0,0.0,0,0,0,0,0,0,0,1
695,Blake Sabol,SF ,512,1283,761.5,311.0,489.0,0.0,1.0,0,1,0,0,0,0,1,0
696,Taylor Walls,TB ,513,1316,755.8,327.7,557.0,0.0,1.0,0,0,1,1,1,0,0,0
697,Tyler Alexander,TB ,513,637,592.7,56.5,820.0,1.0,0.0,1,0,0,0,0,0,0,1
698,Jose Trevino,NYY ,513,588,550.5,37.5,499.0,0.0,1.0,0,1,0,0,0,0,0,0
699,Trent Grisham,NYY ,513,562,539.0,17.5,481.0,0.0,1.0,0,0,0,0,0,0,1,0
700,Jake Meyers,HOU ,514,815,630.3,112.1,693.0,0.0,1.0,0,0,0,0,0,0,1,0
701,Eli Morgan,CLE ,514,636,575.0,61.0, ,1.0,0.0,1,0,0,0,0,0,0,0
702,Nick Fortes,MIA ,515,649,551.2,49.5,577.0,0.0,1.0,0,1,0,0,0,0,0,0
703,Hunter Goodman,COL ,517,1353,769.8,338.7,538.0,0.0,1.0,0,0,0,0,0,1,1,0
704,Colson Montgomery,CWS ,520,1389,780.3,353.5,492.0,0.0,1.0,0,0,0,0,1,0,0,0
705,Kevin Kelly,TB ,521,669,595.0,74.0,932.0,1.0,0.0,1,0,0,0,0,0,0,0
706,Akil Baddoo,DET ,522,1242,803.8,292.0,714.0,0.0,1.0,0,0,0,0,0,0,1,0
707,Kyle Farmer,MIN ,522,1209,726.5,280.1,495.0,0.0,1.0,0,0,1,1,1,0,0,0
708,Yariel Rodriguez,TOR ,532,665,593.5,47.8,487.0,1.0,0.0,1,0,0,0,0,0,0,1
709,Lucas Sims,CIN ,533,654,603.7,51.4,709.0,1.0,0.0,1,0,0,0,0,0,0,0
710,Mike Tauchman,CHC ,534,1215,780.3,264.7,644.0,0.0,1.0,0,0,0,0,0,0,1,0
711,Ryan Brasier,LAD ,535,665,593.3,46.8,882.0,1.0,0.0,1,0,0,0,0,0,0,0
712,Jose Soriano,LAA ,537,662,608.5,50.9,735.0,1.0,0.0,1,0,0,0,0,0,0,1
713,Christian Scott,NYM ,538,852,644.7,146.6,646.0,1.0,0.0,1,0,0,0,0,0,0,1
714,Randal Grichuk,ARI ,539,881,661.8,133.6,650.0,0.0,1.0,0,0,0,0,0,0,1,0
715,Blake Treinen,LAD ,539,833,664.0,124.0,852.0,1.0,0.0,1,0,0,0,0,0,0,0
716,Jared Walsh,CWS ,540,1438,861.5,351.5, ,0.0,1.0,0,0,0,0,0,1,1,0
717,Everson Pereira,NYY ,541,1541,869.0,395.3,758.0,0.0,1.0,0,0,0,0,0,0,1,0
718,Dairon Blanco,KC ,542,1295,828.0,284.9,743.0,0.0,1.0,0,0,0,0,0,0,1,0
719,Korey Lee,CWS ,542,1273,829.5,275.9,728.0,0.0,1.0,0,1,0,0,0,0,0,0
720,Scott McGough,ARI ,542,614,579.8,28.4,890.0,1.0,0.0,1,0,0,0,0,0,0,0
721,Dillon Tate,BAL ,544,852,652.7,141.1, ,1.0,0.0,1,0,0,0,0,0,0,0
722,Josh Winckowski,BOS ,544,784,668.0,98.1,760.0,1.0,0.0,1,0,0,0,0,0,0,1
723,Kyle Freeland,COL ,545,1694,930.3,540.0,509.0,1.0,0.0,0,0,0,0,0,0,0,1
724,Gavin Sheets,CWS ,546,1268,783.0,283.9,748.0,0.0,1.0,0,0,0,0,0,1,1,0
725,Graham Pauley,SD ,547,1326,773.3,320.6,787.0,0.0,1.0,0,0,1,0,0,0,0,0
726,Luis Medina,OAK ,547,1153,825.0,249.9,610.0,1.0,0.0,1,0,0,0,0,0,0,1
727,Jacob Waguespack,TB ,549,758,649.8,96.2, ,1.0,0.0,1,0,0,0,0,0,0,0
728,Bailey Falter,PIT ,550,798,656.7,104.2,785.0,1.0,0.0,0,0,0,0,0,0,0,1
729,Yasmani Grandal,PIT ,550,752,643.3,82.9,613.0,0.0,1.0,0,1,0,0,0,0,0,0
730,Michael Toglia,COL ,551,1373,812.8,327.5, ,0.0,1.0,0,0,0,0,0,1,1,0
731,Chris Devenski,TB ,551,888,719.5,168.5, ,1.0,0.0,1,0,0,0,0,0,0,0
732,Nick Ahmed,SF ,553,1334,830.0,357.0, ,0.0,1.0,0,0,0,0,1,0,0,0
733,Jacob Young,WSH ,554,1527,890.0,381.1,721.0,0.0,1.0,0,0,0,0,0,0,1,0
734,Kyle Hurt,LAD ,556,639,597.5,41.5,654.0,1.0,0.0,1,0,0,0,0,0,0,1
735,Ryan Thompson,ARI ,557,795,676.0,119.0, ,1.0,0.0,1,0,0,0,0,0,0,0
736,Carson Kelly,DET ,557,698,627.5,70.5,763.0,0.0,1.0,0,1,0,0,0,0,0,0
737,Tyler Freeman,CLE ,563,813,707.0,108.6,558.0,0.0,1.0,0,0,1,1,1,0,1,0
738,Jiman Choi,NYM ,564,1493,849.0,380.0,680.0,0.0,1.0,0,0,0,0,0,1,0,0
739,Patrick Corbin,WSH ,565,1518,900.7,437.1,600.0,1.0,0.0,0,0,0,0,0,0,0,1
740,Sean Reid-Foley,NYM ,565,751,658.0,93.0, ,1.0,0.0,1,0,0,0,0,0,0,0
741,Justin Topa,MIN ,566,883,740.0,131.3,859.0,1.0,0.0,1,0,0,0,0,0,0,0
742,Stone Garrett,WSH ,566,747,626.5,71.2,595.0,0.0,1.0,0,0,0,0,0,0,1,0
743,Victor Caratini,HOU ,566,591,578.5,12.5,519.0,0.0,1.0,0,1,0,0,0,0,0,0
744,Cal Quantrill,COL ,568,1693,917.3,451.7,662.0,1.0,0.0,0,0,0,0,0,0,0,1
745,Tommy Henry,ARI ,569,1225,822.0,244.0,856.0,1.0,0.0,0,0,0,0,0,0,0,1
746,Landen Roupp,SF ,569,841,705.0,136.0, ,1.0,0.0,1,0,0,0,0,0,0,1
747,Luis Urias,SEA ,570,1078,725.5,205.5,486.0,0.0,1.0,0,0,1,1,0,0,0,0
748,Brock Wilken,MIL ,570,790,680.0,110.0, ,0.0,1.0,0,0,1,0,0,0,0,0
749,Justyn-Henry Malloy,DET ,571,1569,864.8,408.8,625.0,0.0,1.0,0,0,1,0,0,0,1,0
750,Keynan Middleton,STL ,571,738,654.5,83.5, ,1.0,0.0,1,0,0,0,0,0,0,0
751,Fernando Cruz,CIN ,572,851,711.5,139.5,861.0,1.0,0.0,1,0,0,0,0,0,0,0
752,Nick Gordon,MIA ,572,722,665.0,62.1,740.0,0.0,1.0,0,0,0,1,0,0,1,0
753,Jordan Diaz,OAK ,573,1470,881.5,346.7,645.0,0.0,1.0,0,0,1,1,0,1,0,0
754,Nate Pearson,TOR ,573,703,607.5,55.2,819.0,1.0,0.0,1,0,0,0,0,0,0,0
755,Eric Lauer,PIT ,574,1011,803.3,179.1,804.0,1.0,0.0,0,0,0,0,0,0,0,1
756,Jack Leiter,TEX ,575,1140,790.0,228.5,778.0,1.0,0.0,0,0,0,0,0,0,0,1
757,Darell Hernaiz,OAK ,576,1217,741.5,274.6,635.0,0.0,1.0,0,0,1,1,1,0,0,0
758,Connor Norby,BAL ,577,1640,"1,003.0",458.9,722.0,0.0,1.0,0,0,0,1,0,0,1,0
759,Nick Gonzales,PIT ,578,1455,874.3,410.6,864.0,0.0,1.0,0,0,0,1,1,0,0,0
760,Andrew Knizner,TEX ,578,945,761.5,183.5,731.0,0.0,1.0,0,1,0,0,0,0,0,0
761,J.P. Feyereisen,LAD ,579,708,643.5,64.5, ,1.0,0.0,1,0,0,0,0,0,0,0
762,Alex Faedo,DET ,580,764,674.0,70.1,739.0,1.0,0.0,1,0,0,0,0,0,0,1
763,Chris Flexen,CWS ,581,1400,903.7,356.2,751.0,1.0,0.0,1,0,0,0,0,0,0,1
764,Trevor Richards,TOR ,582,865,739.7,117.8,916.0,1.0,0.0,1,0,0,0,0,0,0,0
765,Kyle Higashioka,SD ,582,739,665.8,71.8,513.0,0.0,1.0,0,1,0,0,0,0,0,0
766,Nick Loftin,KC ,584,1346,829.0,308.7,719.0,0.0,1.0,0,0,0,1,0,1,0,0
767,Blake Dunn,CIN ,587,732,659.5,72.5, ,0.0,1.0,0,0,0,0,0,0,1,0
768,Jared Shuster,CWS ,591,1344,870.0,336.9,747.0,1.0,0.0,1,0,0,0,0,0,0,1
769,Adam Frazier,KC ,592,729,671.5,53.6,626.0,0.0,1.0,0,0,0,1,0,0,1,0
770,Mark Vientos,NYM ,593,1178,756.0,245.0,561.0,0.0,1.0,0,0,1,0,0,1,0,0
771,Jace Jung,DET ,595,1596,880.0,416.0,734.0,0.0,1.0,0,0,0,1,0,0,0,0
772,Santiago Espinal,CIN ,595,1212,819.5,241.8,874.0,0.0,1.0,0,0,1,1,1,0,0,0
773,Eric Haase,MIL ,596,1234,915.0,319.0,587.0,0.0,1.0,0,1,0,0,0,0,1,0
774,Ken Waldichuk,OAK ,600,998,799.0,199.0,702.0,1.0,0.0,1,0,0,0,0,0,0,1
775,Zack Greinke,FreeAgent,601,854,727.5,126.5,689.0,1.0,0.0,0,0,0,0,0,0,0,1
776,Ryan Yarbrough,LAD ,605,800,693.3,80.7,658.0,1.0,0.0,1,0,0,0,0,0,0,1
777,Eguy Rosario,SD ,606,1463,934.3,377.5,863.0,0.0,1.0,0,0,1,0,0,0,0,0
778,Beau Brieske,DET ,607,746,676.5,69.5, ,1.0,0.0,1,0,0,0,0,0,0,0
779,Jake Eder,CWS ,608,1269,938.5,330.5,774.0,1.0,0.0,0,0,0,0,0,0,0,1
780,Andy Ibanez,DET ,608,1142,801.3,208.6,720.0,0.0,1.0,0,0,1,1,0,0,1,0
781,James McCann,BAL ,613,844,715.0,86.1,550.0,0.0,1.0,0,1,0,0,0,0,0,0
782,Zach Jackson,OAK ,613,778,695.5,82.5,939.0,1.0,0.0,1,0,0,0,0,0,0,0
783,Wilmer Flores,DET ,614,762,688.0,74.0, ,1.0,0.0,0,0,0,0,0,0,0,1
784,Vidal Brujan,MIA ,615,1368,852.5,304.1,724.0,0.0,1.0,0,0,1,1,1,0,0,0
785,Chayce McDermott,BAL ,615,1003,768.0,168.7,770.0,1.0,0.0,0,0,0,0,0,0,0,1
786,Jesse Chavez,ATL ,615,713,664.0,49.0, ,1.0,0.0,1,0,0,0,0,0,0,0
787,Allan Winans,ATL ,617,741,679.0,62.0,901.0,1.0,0.0,0,0,0,0,0,0,0,1
788,Joey Lucchesi,NYM ,618,884,768.0,111.2,771.0,1.0,0.0,0,0,0,0,0,0,0,1
789,Lenyn Sosa,CWS ,620,1351,926.0,310.1, ,0.0,1.0,0,0,1,1,0,0,0,0
790,Corey Julks,CWS ,621,1445,911.3,316.8,887.0,0.0,1.0,0,0,0,0,0,0,1,0
791,Bobby Dalbec,BOS ,621,1347,835.3,299.0,643.0,0.0,1.0,0,0,1,0,0,1,0,0
792,Gabriel Arias,CLE ,622,1282,862.3,297.8,506.0,0.0,1.0,0,0,1,0,1,1,1,0
793,Stuart Fairchild,CIN ,623,1241,867.0,268.5, ,0.0,1.0,0,0,0,0,0,0,1,0
794,Andruw Monasterio,MIL ,623,1240,862.3,270.2,656.0,0.0,1.0,0,0,1,1,1,0,0,0
795,Ramon Urias,BAL ,623,1232,823.8,247.2,548.0,0.0,1.0,0,0,1,1,0,1,0,0
796,Carter Kieboom,WSH ,624,1415,948.0,338.4,783.0,0.0,1.0,0,0,1,0,0,0,0,0
797,Liam Hendriks,BOS ,624,858,753.0,97.0,615.0,1.0,0.0,1,0,0,0,0,0,0,0
798,Reese McGuire,BOS ,625,851,730.3,92.9,833.0,0.0,1.0,0,1,0,0,0,0,0,0
799,Thomas Saggese,STL ,628,1525,938.7,414.8,716.0,0.0,1.0,0,0,1,1,0,0,0,0
800,Nick Madrigal,CHC ,628,1081,783.5,176.6,697.0,0.0,1.0,0,0,1,1,0,0,0,0
801,Tayler Saucedo,SEA ,628,808,718.0,90.0,943.0,1.0,0.0,1,0,0,0,0,0,0,0
802,Cody Bradford,TEX ,630,718,674.0,44.0,537.0,1.0,0.0,1,0,0,0,0,0,0,1
803,Emmanuel Rivera,MIA ,631,1337,930.7,297.9,904.0,0.0,1.0,0,0,1,0,0,1,0,0
804,Matt Thaiss,LAA ,633,1105,813.0,208.3,744.0,0.0,1.0,0,1,0,0,0,0,0,0
805,Jace Peterson,FreeAgent,637,1412,889.3,308.8,892.0,0.0,1.0,0,0,1,1,1,0,0,0
806,Enmanuel Valdez,BOS ,637,1370,899.0,333.7,718.0,0.0,1.0,0,0,0,1,0,0,0,0
807,Myles Straw,CLE ,639,1502,916.3,342.6,649.0,0.0,1.0,0,0,0,0,0,0,1,0
808,Omar Narvaez,NYM ,640,1082,826.0,187.1,797.0,0.0,1.0,0,1,0,0,0,0,0,0
809,Trevor Larnach,MIN ,641,1377,924.5,273.9,849.0,0.0,1.0,0,0,0,0,0,0,1,0
810,Marcelo Mayer,BOS ,642,787,714.5,72.5,825.0,0.0,1.0,0,0,0,0,1,0,0,0
811,Dominic Fletcher,CWS ,642,683,662.7,16.7,726.0,0.0,1.0,0,0,0,0,0,0,1,0
812,Brennen Davis,CHC ,643,1670,"1,050.3",445.3, ,0.0,1.0,0,0,0,0,0,0,1,0
813,Matt Shaw,CHC ,643,1458,943.7,365.4,634.0,0.0,1.0,0,0,0,1,1,0,0,0
814,Martin Maldonado,CWS ,644,815,729.5,85.5,547.0,0.0,1.0,0,1,0,0,0,0,0,0
815,Tanner Rainey,WSH ,645,810,745.0,71.8,816.0,1.0,0.0,1,0,0,0,0,0,0,0
816,Michael Grove,LAD ,649,788,697.0,64.4,632.0,1.0,0.0,1,0,0,0,0,0,0,1
817,Roansy Contreras,PIT ,655,763,718.0,45.9,661.0,1.0,0.0,1,0,0,0,0,0,0,1
818,Mike Vasil,NYM ,657,826,741.5,84.5,806.0,1.0,0.0,0,0,0,0,0,0,0,1
819,Owen Caissie,CHC ,659,1650,"1,154.5",495.5,889.0,0.0,1.0,0,0,0,0,0,0,1,0
820,Luke Maile,CIN ,659,879,769.0,110.0,824.0,0.0,1.0,0,1,0,0,0,0,0,0
821,Dylan Moore,SEA ,664,1276,927.3,257.0,796.0,0.0,1.0,0,0,0,1,1,0,1,0
822,Riley Adams,WSH ,666,1154,910.0,244.0,829.0,0.0,1.0,0,1,0,0,0,0,0,0
823,Luisangel Acuna,NYM ,667,1608,985.7,440.1,517.0,0.0,1.0,0,0,0,1,1,0,0,0
824,Luke Weaver,NYY ,667,1187,861.0,231.9,876.0,1.0,0.0,1,0,0,0,0,0,0,1
825,David Festa,MIN ,669,875,755.7,87.2,623.0,1.0,0.0,0,0,0,0,0,0,0,1
826,Will Dion,CLE ,675,846,760.5,85.5, ,1.0,0.0,1,0,0,0,0,0,0,1
827,Jake Bauers,MIL ,680,1287,918.3,264.4,678.0,0.0,1.0,0,0,0,0,0,1,1,0
828,Spencer Jones,NYY ,684,734,709.0,25.0,622.0,0.0,1.0,0,0,0,0,0,0,1,0
829,Jorge Alcala,MIN ,686,792,739.0,53.0, ,1.0,0.0,1,0,0,0,0,0,0,0
830,Jeferson Quero,MIL ,687,1398,"1,042.5",355.5,791.0,0.0,1.0,0,1,0,0,0,0,0,0
831,Albert Suarez,BAL ,689,1098,893.5,204.5, ,1.0,0.0,1,0,0,0,0,0,0,1
832,Nick Allen,OAK ,690,1320,906.0,292.8,883.0,0.0,1.0,0,0,0,0,1,0,0,0
833,Nicky Lopez,CWS ,691,891,758.7,93.6,691.0,0.0,1.0,0,0,1,1,1,0,0,0
834,Bryse Wilson,MIL ,691,848,769.5,78.5,902.0,1.0,0.0,1,0,0,0,0,0,0,1
835,Luis L. Ortiz,PIT ,693,810,747.3,48.1, ,1.0,0.0,1,0,0,0,0,0,0,1
836,Carlos Rodriguez,MIL ,694,995,844.5,150.5,846.0,1.0,0.0,0,0,0,0,0,0,0,1
837,Abraham Toro,OAK ,697,1335,940.3,281.6,551.0,0.0,1.0,0,0,1,1,0,1,0,0
838,Andy Pages,LAD ,698,1604,"1,151.0",453.0,823.0,0.0,1.0,0,0,0,0,0,0,1,0
839,Owen Miller,MIL ,700,1425,949.7,336.3,574.0,0.0,1.0,0,0,1,1,0,1,0,0
840,Avisail Garcia,MIA ,700,991,846.7,118.8,798.0,0.0,1.0,0,0,0,0,0,0,1,0
841,Josh Smith,TEX ,701,1442,980.7,328.7,712.0,0.0,1.0,0,0,1,0,1,0,1,0
842,Jonny DeLuca,TB ,706,1382,960.7,300.1,660.0,0.0,1.0,0,0,0,0,0,0,1,0
843,Bryan Shaw,LAA ,709,1261,944.3,232.6,855.0,1.0,0.0,1,0,0,0,0,0,0,0
844,Austin Gomber,COL ,710,1571,"1,140.5",430.5,793.0,1.0,0.0,0,0,0,0,0,0,0,1
845,Joey Cantillo,CLE ,710,823,779.7,49.7,730.0,1.0,0.0,0,0,0,0,0,0,0,1
846,Forrest Wall,ATL ,711,1492,"1,101.5",390.5,694.0,0.0,1.0,0,0,0,0,0,0,1,0
847,Cody Poteet,NYY ,712,838,775.0,63.0, ,1.0,0.0,1,0,0,0,0,0,0,0
848,Quinn Priester,PIT ,712,747,733.3,15.3,765.0,1.0,0.0,0,0,0,0,0,0,0,1
849,Jairo Iriarte,CWS ,715,1186,896.3,207.0,857.0,1.0,0.0,0,0,0,0,0,0,0,1
850,River Ryan,LAD ,716,803,759.5,43.5,865.0,1.0,0.0,0,0,0,0,0,0,0,1
851,Joshua Palacios,PIT ,718,1421,972.3,318.2,745.0,0.0,1.0,0,0,0,0,0,0,1,0
852,Jose Butto,NYM ,719,1024,871.5,152.5,738.0,1.0,0.0,0,0,0,0,0,0,0,1
853,Kris Bubic,KC ,726,1170,948.0,222.0, ,1.0,0.0,0,0,0,0,0,0,0,1
854,Jacob Hurtubise,CIN ,727,1629,"1,178.0",451.0, ,0.0,1.0,0,0,0,0,0,0,1,0
855,Jonatan Clase,SEA ,728,1581,"1,154.5",426.5, ,0.0,1.0,0,0,0,0,0,0,1,0
856,Donovan Solano,SD ,735,1237,935.7,217.0,827.0,0.0,1.0,0,0,1,1,0,1,0,0
857,Elvis Andrus,FreeAgent,736,1451,986.0,329.1,754.0,0.0,1.0,0,0,0,1,1,0,0,0
858,Clayton Beeter,NYY ,738,910,824.0,86.0,837.0,1.0,0.0,0,0,0,0,0,0,0,1
859,Miguel Rojas,LAD ,740,1281,939.3,242.7,619.0,0.0,1.0,0,0,0,1,1,0,0,0
860,DJ Herz,WSH ,742,1041,891.5,149.5, ,1.0,0.0,0,0,0,0,0,0,0,1
861,Trevor Williams,WSH ,743,1411,"1,077.0",334.0,759.0,1.0,0.0,0,0,0,0,0,0,0,1
862,Cade Povich,BAL ,743,869,790.3,56.0,779.0,1.0,0.0,0,0,0,0,0,0,0,1
863,Max Stassi,CWS ,749,1034,891.5,142.5,708.0,0.0,1.0,0,1,0,0,0,0,0,0
864,Casey Schmitt,SF ,750,1504,"1,127.0",377.0,565.0,0.0,1.0,0,0,1,1,1,0,0,0
865,Deyvison De Los Santos,ARI ,751,1519,"1,135.0",384.0,784.0,0.0,1.0,0,0,1,0,0,1,0,0
866,Addison Barger,TOR ,754,1529,"1,033.7",351.2,868.0,0.0,1.0,0,0,1,0,1,0,1,0
867,Joey Bart,PIT ,754,1322,"1,038.0",284.0,841.0,0.0,1.0,0,1,0,0,0,0,0,0
868,Sam Hilliard,COL ,756,1485,"1,120.5",364.5, ,0.0,1.0,0,0,0,0,0,0,1,0
869,Jacob Stallings,COL ,757,1167,962.0,205.0,839.0,0.0,1.0,0,1,0,0,0,0,0,0
870,Keider Montero,DET ,757,860,808.5,51.5, ,1.0,0.0,0,0,0,0,0,0,0,1
871,Coco Montes,COL ,759,1634,"1,196.5",437.5, ,0.0,1.0,0,0,0,1,0,0,0,0
872,Rougned Odor,NYY ,760,1437,"1,098.5",338.5, ,0.0,1.0,0,0,0,1,0,0,1,0
873,Rodolfo Castro,PHI ,761,1483,"1,122.0",361.0, ,0.0,1.0,0,0,1,1,1,0,0,0
874,Roman Anthony,BOS ,762,1671,"1,083.0",416.4,848.0,0.0,1.0,0,0,0,0,0,0,1,0
875,Troy Johnston,MIA ,763,1521,"1,034.0",345.1,817.0,0.0,1.0,0,0,0,0,0,1,0,0
876,Touki Toussaint,CWS ,765,1088,926.5,161.5,847.0,1.0,0.0,0,0,0,0,0,0,0,1
877,Dominic Smith,BOS ,767,1395,987.3,288.6,780.0,0.0,1.0,0,0,0,0,0,1,0,0
878,Joey Loperfido,HOU ,769,1578,"1,173.5",404.5,810.0,0.0,1.0,0,0,0,1,0,0,1,0
879,Joey Wentz,DET ,769,870,819.5,50.5, ,1.0,0.0,1,0,0,0,0,0,0,1
880,Deivi Garcia,CWS ,770,1372,"1,071.0",301.0, ,1.0,0.0,1,0,0,0,0,0,0,0
881,Sam Huff,TEX ,772,1321,"1,046.5",274.5,736.0,0.0,1.0,0,1,0,0,0,0,0,0
882,Mike Moustakas,FreeAgent,773,1480,"1,012.0",331.0,683.0,0.0,1.0,0,0,1,0,0,1,0,0
883,Mitch Spence,OAK ,773,867,806.3,43.0,914.0,1.0,0.0,1,0,0,0,0,0,0,1
884,Francisco Mejia,MIL ,774,1314,"1,044.0",270.0, ,0.0,1.0,0,1,0,0,0,0,0,0
885,Jakob Marsee,MIA ,776,1357,971.7,272.5,704.0,0.0,1.0,0,0,0,0,0,0,1,0
886,Harry Ford,SEA ,776,810,793.0,17.0, ,0.0,1.0,0,0,0,0,0,1,0,0
887,Osleivis Basabe,TB ,777,1600,"1,063.0",380.0,809.0,0.0,1.0,0,0,1,0,1,0,0,0
888,Riley O'Brien,STL ,777,801,789.0,12.0, ,1.0,0.0,1,0,0,0,0,0,0,0
889,Miguel Diaz,HOU ,778,862,820.0,42.0, ,1.0,0.0,1,0,0,0,0,0,0,0
890,Wade Meckler,SF ,779,1574,"1,062.0",362.7, ,0.0,1.0,0,0,0,0,0,0,1,0
891,Robbie Grossman,TEX ,780,1394,"1,087.0",307.0,935.0,0.0,1.0,0,0,0,0,0,0,1,0
892,DJ Stewart,NYM ,781,1436,"1,004.3",305.3,705.0,0.0,1.0,0,0,0,0,0,0,1,0
893,Michael Stefanic,LAA ,784,1486,"1,135.0",351.0, ,0.0,1.0,0,0,1,1,0,0,0,0
894,Adael Amador,COL ,785,1564,"1,056.3",359.3,840.0,0.0,1.0,0,0,0,1,1,0,0,0
895,David Fry,CLE ,786,1055,920.5,134.5, ,0.0,1.0,0,1,0,0,0,1,1,0
896,Brandon Bielak,HOU ,786,896,841.0,55.0, ,1.0,0.0,1,0,0,0,0,0,0,1
897,Zac Veen,COL ,786,811,798.5,12.5,803.0,0.0,1.0,0,0,0,0,0,0,1,0
898,Austin Shenton,TB ,787,1619,"1,203.0",416.0,920.0,0.0,1.0,0,0,1,0,0,1,0,0
899,Ernie Clement,TOR ,789,1419,"1,104.0",315.0, ,0.0,1.0,0,0,1,1,1,0,0,0
900,Alexander Canario,CHC ,791,1432,"1,111.5",320.5,792.0,0.0,1.0,0,0,0,0,0,0,1,0
901,Ryan Bliss,SEA ,794,1552,"1,054.0",352.3,781.0,0.0,1.0,0,0,0,1,1,0,0,0
902,Zack Short,ATL ,796,1531,"1,163.5",367.5, ,0.0,1.0,0,0,1,1,1,0,0,0
903,Nick Burdi,NYY ,798,803,800.5,2.5, ,1.0,0.0,1,0,0,0,0,0,0,0
904,Austin Hedges,CLE ,802,1313,"1,057.5",255.5, ,0.0,1.0,0,1,0,0,0,0,0,0
905,Eduardo Escobar,FreeAgent,803,1501,"1,152.0",349.0,710.0,0.0,1.0,0,0,1,1,0,0,0,0
906,Juan Yepez,WSH ,806,1514,"1,160.0",354.0,802.0,0.0,1.0,0,0,0,0,0,1,1,0
907,Spencer Horwitz,TOR ,808,1507,"1,157.5",349.5,866.0,0.0,1.0,0,0,0,0,0,1,0,0
908,Brady House,WSH ,813,1576,"1,078.3",352.2,877.0,0.0,1.0,0,0,1,0,1,0,0,0
909,Travis Jankowski,TEX ,814,1384,"1,013.7",262.1,703.0,0.0,1.0,0,0,0,0,0,0,1,0
910,Jose Azocar,SD ,814,1303,"1,058.5",244.5,814.0,0.0,1.0,0,0,0,0,0,0,1,0
911,Spencer Arrighetti,HOU ,815,981,898.0,83.0,822.0,1.0,0.0,0,0,0,0,0,0,0,1
912,Brandon Crawford,STL ,817,1329,"1,073.0",256.0,666.0,0.0,1.0,0,0,0,0,1,0,0,0
913,Keston Hiura,DET ,819,1508,"1,163.5",344.5,706.0,0.0,1.0,0,0,0,1,0,1,1,0
914,Ryan Feltner,COL ,819,1430,"1,124.5",305.5, ,1.0,0.0,0,0,0,0,0,0,0,1
915,Blake Perkins,MIL ,820,1459,"1,139.5",319.5, ,0.0,1.0,0,0,0,0,0,0,1,0
916,Joey Wendle,NYM ,821,1305,"1,063.0",242.0,885.0,0.0,1.0,0,0,1,1,1,0,0,0
917,Carlos Perez,OAK ,822,1349,"1,085.5",263.5, ,0.0,1.0,0,1,0,0,0,1,0,0
918,Brian Anderson,SEA ,827,1371,"1,025.0",245.5,927.0,0.0,1.0,0,0,1,0,0,0,1,0
919,Pedro Avila,CLE ,827,938,882.5,55.5,799.0,1.0,0.0,1,0,0,0,0,0,0,1
920,Jake Alu,WSH ,828,1491,"1,053.0",309.8,878.0,0.0,1.0,0,0,0,1,0,0,1,0
921,Dakota Hudson,COL ,830,1612,"1,221.0",391.0, ,1.0,0.0,1,0,0,0,0,0,0,1
922,Tyler Nevin,OAK ,830,1538,"1,184.0",354.0, ,0.0,1.0,0,0,1,0,0,1,1,0
923,AJ Pollock,FreeAgent,831,1465,"1,148.0",317.0, ,0.0,1.0,0,0,0,0,0,0,1,0
924,Samad Taylor,SEA ,834,1562,"1,198.0",364.0, ,0.0,1.0,0,0,0,1,0,0,1,0
925,Matt Carpenter,STL ,834,1426,"1,130.0",296.0,692.0,0.0,1.0,0,0,0,0,0,1,0,0
926,Jordyn Adams,LAA ,836,1643,"1,239.5",403.5, ,0.0,1.0,0,0,0,0,0,0,1,0
927,Alex Call,WSH ,837,1499,"1,168.0",331.0,919.0,0.0,1.0,0,0,0,0,0,0,1,0
928,Jordan Lyles,KC ,837,1280,"1,058.5",221.5,700.0,1.0,0.0,1,0,0,0,0,0,0,1
929,Daniel Lynch,KC ,838,924,881.0,43.0,746.0,1.0,0.0,0,0,0,0,0,0,0,1
930,Austin Martin,MIN ,839,1632,"1,116.3",365.0,832.0,0.0,1.0,0,0,0,1,1,0,1,0
931,Andrew Wantz,LAA ,839,1162,"1,000.5",161.5, ,1.0,0.0,1,0,0,0,0,0,0,0
932,Kyren Paris,LAA ,841,1593,"1,217.0",376.0, ,0.0,1.0,0,0,0,0,1,0,0,0
933,Edmundo Sosa,PHI ,842,1302,"1,072.0",230.0,669.0,0.0,1.0,0,0,1,0,1,0,0,0
934,Aledmys Diaz,OAK ,843,1402,"1,122.5",279.5,801.0,0.0,1.0,0,0,1,1,1,1,1,0
935,Miles Mastrobuoni,CHC ,850,1468,"1,159.0",309.0, ,0.0,1.0,0,0,1,1,0,0,1,0
936,Mitch White,MIL ,855,1137,996.0,141.0, ,1.0,0.0,1,0,0,0,0,0,0,0
937,Damiano Palmegiani,TOR ,856,1622,"1,239.0",383.0,854.0,0.0,1.0,0,0,1,0,0,1,0,0
938,Tyler Fitzgerald,SF ,857,1471,"1,164.0",307.0,884.0,0.0,1.0,0,0,0,0,1,0,1,0
939,Austin Slater,SF ,864,1214,"1,039.0",175.0,926.0,0.0,1.0,0,0,0,0,0,0,1,0
940,Austin Barnes,LAD ,868,1200,"1,034.0",166.0,677.0,0.0,1.0,0,1,0,0,0,0,0,0
941,Juan Brito,CLE ,871,1582,"1,226.5",355.5, ,0.0,1.0,0,0,1,1,1,0,0,0
942,Justin Slaten,BOS ,872,1123,997.5,125.5, ,1.0,0.0,1,0,0,0,0,0,0,0
943,Bryce Jarvis,ARI ,874,1180,"1,027.0",153.0, ,1.0,0.0,1,0,0,0,0,0,0,0
944,Tim Locastro,SD ,880,1551,"1,215.5",335.5, ,0.0,1.0,0,0,0,0,0,0,1,0
945,Nick Martini,CIN ,881,1420,"1,150.5",269.5, ,0.0,1.0,0,0,0,0,0,0,1,0
946,David Peralta,CHC ,882,1348,"1,115.0",233.0, ,0.0,1.0,0,0,0,0,0,0,1,0
947,Tucker Barnhart,ARI ,887,1323,"1,105.0",218.0, ,0.0,1.0,0,1,0,0,0,0,0,0
948,Trey Cabbage,HOU ,889,1654,"1,271.5",382.5,831.0,0.0,1.0,0,0,0,0,0,1,1,0
949,Brent Honeywell Jr.,PIT ,890,1184,"1,037.0",147.0, ,1.0,0.0,1,0,0,0,0,0,0,0
950,Ken Giles,ATL ,892,1220,"1,056.0",164.0, ,1.0,0.0,1,0,0,0,0,0,0,0
951,Cooper Criswell,BOS ,893,1297,"1,095.0",202.0, ,1.0,0.0,1,0,0,0,0,0,0,1
952,Chase Anderson,BOS ,897,1327,"1,112.0",215.0, ,1.0,0.0,1,0,0,0,0,0,0,1
